Close,Open,High,Low
818.2461271307468,818.2461271307468,818.2461271307468,818.2461271307468
827.2721215943099,827.2721215943099,827.2721215943099,827.2721215943099
829.6486968663933,829.6486968663933,829.6486968663933,829.6486968663933
828.7886497536898,828.7886497536898,828.7886497536898,828.7886497536898
826.5318767621518,826.5318767621518,826.5318767621518,826.5318767621518
829.1426150029899,829.1426150029899,829.1426150029899,829.1426150029899
832.1235009162426,832.1235009162426,832.1235009162426,832.1235009162426
833.8036074740887,833.8036074740887,833.8036074740887,833.8036074740887
833.3110354542732,833.3110354542732,833.3110354542732,833.3110354542732
833.1837618904113,833.1837618904113,833.1837618904113,833.1837618904113
834.43677003479,834.43677003479,834.43677003479,834.43677003479
837.982428943634,837.982428943634,837.982428943634,837.982428943634
839.6107646052839,839.6107646052839,839.6107646052839,839.6107646052839
842.6579966164827,842.6579966164827,842.6579966164827,842.6579966164827
845.4661751139163,845.4661751139163,845.4661751139163,845.4661751139163
845.5952671339513,845.5952671339513,845.5952671339513,845.5952671339513
849.2064134253263,849.2064134253263,849.2064134253263,849.2064134253263
849.2655913159848,849.2655913159848,849.2655913159848,849.2655913159848
850.5983084559441,850.5983084559441,850.5983084559441,850.5983084559441
849.6437429507972,849.6437429507972,849.6437429507972,849.6437429507972
848.4062284203768,848.4062284203768,848.4062284203768,848.4062284203768
852.7966474707127,852.7966474707127,852.7966474707127,852.7966474707127
847.9722005867959,847.9722005867959,847.9722005867959,847.9722005867959
851.4203103429081,851.4203103429081,851.4203103429081,851.4203103429081
853.7581607642175,853.7581607642175,853.7581607642175,853.7581607642175
852.1136656397582,852.1136656397582,852.1136656397582,852.1136656397582
856.9154461103678,856.9154461103678,856.9154461103678,856.9154461103678
857.5044560041428,857.5044560041428,857.5044560041428,857.5044560041428
858.5614657990933,858.5614657990933,858.5614657990933,858.5614657990933
859.1860687580108,859.1860687580108,859.1860687580108,859.1860687580108
859.0818381564619,859.0818381564619,859.0818381564619,859.0818381564619
859.1833089293243,859.1833089293243,859.1833089293243,859.1833089293243
862.8644152706862,862.8644152706862,862.8644152706862,862.8644152706862
856.3298435258864,856.3298435258864,856.3298435258864,856.3298435258864
849.5871595746279,849.5871595746279,849.5871595746279,849.5871595746279
854.1433428444864,854.1433428444864,854.1433428444864,854.1433428444864
844.5334218987225,844.5334218987225,844.5334218987225,844.5334218987225
844.8051433347466,844.8051433347466,844.8051433347466,844.8051433347466
851.2502387701272,851.2502387701272,851.2502387701272,851.2502387701272
856.7221524848937,856.7221524848937,856.7221524848937,856.7221524848937
853.9818079131841,853.9818079131841,853.9818079131841,853.9818079131841
858.300728573084,858.300728573084,858.300728573084,858.300728573084
865.6743387513161,865.6743387513161,865.6743387513161,865.6743387513161
869.2760575413704,869.2760575413704,869.2760575413704,869.2760575413704
870.9391367368698,870.9391367368698,870.9391367368698,870.9391367368698
873.274254881859,873.274254881859,873.274254881859,873.274254881859
875.4208413686754,875.4208413686754,875.4208413686754,875.4208413686754
875.0607549020053,875.0607549020053,875.0607549020053,875.0607549020053
875.5124116579294,875.5124116579294,875.5124116579294,875.5124116579294
879.6344247403146,879.6344247403146,879.6344247403146,879.6344247403146
879.5335509353876,879.5335509353876,879.5335509353876,879.5335509353876
874.7511260020734,874.7511260020734,874.7511260020734,874.7511260020734
872.3526236385109,872.3526236385109,872.3526236385109,872.3526236385109
877.6586399639846,877.6586399639846,877.6586399639846,877.6586399639846
873.3665185723305,873.3665185723305,873.3665185723305,873.3665185723305
876.5612843207122,876.5612843207122,876.5612843207122,876.5612843207122
874.9650747181176,874.9650747181176,874.9650747181176,874.9650747181176
879.2342266204357,879.2342266204357,879.2342266204357,879.2342266204357
878.4917730069161,878.4917730069161,878.4917730069161,878.4917730069161
882.3730013685226,882.3730013685226,882.3730013685226,882.3730013685226
879.7078793487548,879.7078793487548,879.7078793487548,879.7078793487548
881.6486955802442,881.6486955802442,881.6486955802442,881.6486955802442
873.8832264649867,873.8832264649867,873.8832264649867,873.8832264649867
875.3536273711919,875.3536273711919,875.3536273711919,875.3536273711919
870.9853374630213,870.9853374630213,870.9853374630213,870.9853374630213
875.5870005054473,875.5870005054473,875.5870005054473,875.5870005054473
879.9068809061051,879.9068809061051,879.9068809061051,879.9068809061051
886.0359093719723,886.0359093719723,886.0359093719723,886.0359093719723
891.9830279316902,891.9830279316902,891.9830279316902,891.9830279316902
889.7784115694764,889.7784115694764,889.7784115694764,889.7784115694764
873.713228365183,873.713228365183,873.713228365183,873.713228365183
878.2807448416949,878.2807448416949,878.2807448416949,878.2807448416949
871.1821531993152,871.1821531993152,871.1821531993152,871.1821531993152
866.7680023775104,866.7680023775104,866.7680023775104,866.7680023775104
870.2067948417664,870.2067948417664,870.2067948417664,870.2067948417664
874.1455479520561,874.1455479520561,874.1455479520561,874.1455479520561
881.9027559494973,881.9027559494973,881.9027559494973,881.9027559494973
885.5121526656151,885.5121526656151,885.5121526656151,885.5121526656151
888.5124905494451,888.5124905494451,888.5124905494451,888.5124905494451
887.1879518702032,887.1879518702032,887.1879518702032,887.1879518702032
891.1826179157497,891.1826179157497,891.1826179157497,891.1826179157497
893.1215605863333,893.1215605863333,893.1215605863333,893.1215605863333
888.0973131264448,888.0973131264448,888.0973131264448,888.0973131264448
891.2893006778955,891.2893006778955,891.2893006778955,891.2893006778955
899.9665510655641,899.9665510655641,899.9665510655641,899.9665510655641
904.0846792643072,904.0846792643072,904.0846792643072,904.0846792643072
906.8849089040757,906.8849089040757,906.8849089040757,906.8849089040757
910.1182847017051,910.1182847017051,910.1182847017051,910.1182847017051
909.3606635105609,909.3606635105609,909.3606635105609,909.3606635105609
911.153110249758,911.153110249758,911.153110249758,911.153110249758
911.9661438415051,911.9661438415051,911.9661438415051,911.9661438415051
916.803356655121,916.803356655121,916.803356655121,916.803356655121
922.1444517349006,922.1444517349006,922.1444517349006,922.1444517349006
921.1474693619014,921.1474693619014,921.1474693619014,921.1474693619014
925.1111665477754,925.1111665477754,925.1111665477754,925.1111665477754
928.2238124685288,928.2238124685288,928.2238124685288,928.2238124685288
928.7027736194135,928.7027736194135,928.7027736194135,928.7027736194135
921.326247482419,921.326247482419,921.326247482419,921.326247482419
916.878716968894,916.878716968894,916.878716968894,916.878716968894
916.9917000387908,916.9917000387908,916.9917000387908,916.9917000387908
923.701495648861,923.701495648861,923.701495648861,923.701495648861
917.8032687630654,917.8032687630654,917.8032687630654,917.8032687630654
921.1158530216219,921.1158530216219,921.1158530216219,921.1158530216219
912.7745945563316,912.7745945563316,912.7745945563316,912.7745945563316
911.776289669752,911.776289669752,911.776289669752,911.776289669752
910.0411151158811,910.0411151158811,910.0411151158811,910.0411151158811
901.124898463607,901.124898463607,901.124898463607,901.124898463607
901.5124867838622,901.5124867838622,901.5124867838622,901.5124867838622
912.5319316825868,912.5319316825868,912.5319316825868,912.5319316825868
916.3980429792406,916.3980429792406,916.3980429792406,916.3980429792406
908.7506265692712,908.7506265692712,908.7506265692712,908.7506265692712
902.7026847172976,902.7026847172976,902.7026847172976,902.7026847172976
906.2622759393453,906.2622759393453,906.2622759393453,906.2622759393453
909.4981038975717,909.4981038975717,909.4981038975717,909.4981038975717
913.1507670128345,913.1507670128345,913.1507670128345,913.1507670128345
918.208389572382,918.208389572382,918.208389572382,918.208389572382
911.6919518766402,911.6919518766402,911.6919518766402,911.6919518766402
891.357295325756,891.357295325756,891.357295325756,891.357295325756
889.2227446309329,889.2227446309329,889.2227446309329,889.2227446309329
881.0342273000479,881.0342273000479,881.0342273000479,881.0342273000479
887.854985473156,887.854985473156,887.854985473156,887.854985473156
893.7771140366792,893.7771140366792,893.7771140366792,893.7771140366792
901.6570035369396,901.6570035369396,901.6570035369396,901.6570035369396
899.7486669532061,899.7486669532061,899.7486669532061,899.7486669532061
904.4620043281317,904.4620043281317,904.4620043281317,904.4620043281317
903.6540265955925,903.6540265955925,903.6540265955925,903.6540265955925
903.488253191948,903.488253191948,903.488253191948,903.488253191948
909.5780149438382,909.5780149438382,909.5780149438382,909.5780149438382
916.811824415684,916.811824415684,916.811824415684,916.811824415684
921.5421386402846,921.5421386402846,921.5421386402846,921.5421386402846
923.1295039333105,923.1295039333105,923.1295039333105,923.1295039333105
928.6847268195154,928.6847268195154,928.6847268195154,928.6847268195154
935.6474210073948,935.6474210073948,935.6474210073948,935.6474210073948
937.76401215148,937.76401215148,937.76401215148,937.76401215148
935.136039905548,935.136039905548,935.136039905548,935.136039905548
937.5126335458756,937.5126335458756,937.5126335458756,937.5126335458756
940.1925511863234,940.1925511863234,940.1925511863234,940.1925511863234
941.557532147169,941.557532147169,941.557532147169,941.557532147169
944.0909263038635,944.0909263038635,944.0909263038635,944.0909263038635
943.8828232815267,943.8828232815267,943.8828232815267,943.8828232815267
940.1406149759293,940.1406149759293,940.1406149759293,940.1406149759293
940.8665739061835,940.8665739061835,940.8665739061835,940.8665739061835
940.3276037015916,940.3276037015916,940.3276037015916,940.3276037015916
940.0320219163896,940.0320219163896,940.0320219163896,940.0320219163896
940.5719840061665,940.5719840061665,940.5719840061665,940.5719840061665
941.6164666585922,941.6164666585922,941.6164666585922,941.6164666585922
947.6224324805737,947.6224324805737,947.6224324805737,947.6224324805737
951.5014842052462,951.5014842052462,951.5014842052462,951.5014842052462
951.9550696268082,951.9550696268082,951.9550696268082,951.9550696268082
946.9324477565291,946.9324477565291,946.9324477565291,946.9324477565291
942.8305433094504,942.8305433094504,942.8305433094504,942.8305433094504
945.1716035814286,945.1716035814286,945.1716035814286,945.1716035814286
943.9063989229204,943.9063989229204,943.9063989229204,943.9063989229204
942.9017294397354,942.9017294397354,942.9017294397354,942.9017294397354
943.5285549561979,943.5285549561979,943.5285549561979,943.5285549561979
942.2418870043755,942.2418870043755,942.2418870043755,942.2418870043755
930.082518056512,930.082518056512,930.082518056512,930.082518056512
927.1194631162883,927.1194631162883,927.1194631162883,927.1194631162883
922.8159396370647,922.8159396370647,922.8159396370647,922.8159396370647
924.4974054449798,924.4974054449798,924.4974054449798,924.4974054449798
921.7093355828523,921.7093355828523,921.7093355828523,921.7093355828523
926.0860060024261,926.0860060024261,926.0860060024261,926.0860060024261
930.6150364153385,930.6150364153385,930.6150364153385,930.6150364153385
930.2693047314882,930.2693047314882,930.2693047314882,930.2693047314882
917.4550298138856,917.4550298138856,917.4550298138856,917.4550298138856
917.1431737643481,917.1431737643481,917.1431737643481,917.1431737643481
919.2556687899829,919.2556687899829,919.2556687899829,919.2556687899829
917.0402610843184,917.0402610843184,917.0402610843184,917.0402610843184
919.1072671532631,919.1072671532631,919.1072671532631,919.1072671532631
923.0768972820044,923.0768972820044,923.0768972820044,923.0768972820044
927.9428885421755,927.9428885421755,927.9428885421755,927.9428885421755
925.2949408307074,925.2949408307074,925.2949408307074,925.2949408307074
933.2172380146982,933.2172380146982,933.2172380146982,933.2172380146982
941.2454373104574,941.2454373104574,941.2454373104574,941.2454373104574
943.2809326565266,943.2809326565266,943.2809326565266,943.2809326565266
942.9850386111735,942.9850386111735,942.9850386111735,942.9850386111735
943.7552007210255,943.7552007210255,943.7552007210255,943.7552007210255
948.5918992238045,948.5918992238045,948.5918992238045,948.5918992238045
951.3518289358617,951.3518289358617,951.3518289358617,951.3518289358617
956.1046947722436,956.1046947722436,956.1046947722436,956.1046947722436
961.3978441426755,961.3978441426755,961.3978441426755,961.3978441426755
956.3119895918369,956.3119895918369,956.3119895918369,956.3119895918369
951.5624667758942,951.5624667758942,951.5624667758942,951.5624667758942
950.4639814856052,950.4639814856052,950.4639814856052,950.4639814856052
949.4398416635992,949.4398416635992,949.4398416635992,949.4398416635992
951.1852656977178,951.1852656977178,951.1852656977178,951.1852656977178
948.7181166136264,948.7181166136264,948.7181166136264,948.7181166136264
943.5251843833923,943.5251843833923,943.5251843833923,943.5251843833923
948.5390262329578,948.5390262329578,948.5390262329578,948.5390262329578
948.809057790518,948.809057790518,948.809057790518,948.809057790518
942.8962740712168,942.8962740712168,942.8962740712168,942.8962740712168
946.5976865065097,946.5976865065097,946.5976865065097,946.5976865065097
943.2266544950011,943.2266544950011,943.2266544950011,943.2266544950011
932.7445955398085,932.7445955398085,932.7445955398085,932.7445955398085
929.5424779016973,929.5424779016973,929.5424779016973,929.5424779016973
940.7485763056277,940.7485763056277,940.7485763056277,940.7485763056277
950.583301599741,950.583301599741,950.583301599741,950.583301599741
953.5223033242228,953.5223033242228,953.5223033242228,953.5223033242228
952.1783723711967,952.1783723711967,952.1783723711967,952.1783723711967
958.1291967241766,958.1291967241766,958.1291967241766,958.1291967241766
964.0991975240707,964.0991975240707,964.0991975240707,964.0991975240707
972.5492327313425,972.5492327313425,972.5492327313425,972.5492327313425
974.038676914692,974.038676914692,974.038676914692,974.038676914692
977.2687510204316,977.2687510204316,977.2687510204316,977.2687510204316
974.0016557185652,974.0016557185652,974.0016557185652,974.0016557185652
976.3971686503886,976.3971686503886,976.3971686503886,976.3971686503886
979.638796381712,979.638796381712,979.638796381712,979.638796381712
980.7523620004655,980.7523620004655,980.7523620004655,980.7523620004655
984.2037826325893,984.2037826325893,984.2037826325893,984.2037826325893
980.226093436718,980.226093436718,980.226093436718,980.226093436718
977.9051647603513,977.9051647603513,977.9051647603513,977.9051647603513
977.8035240812303,977.8035240812303,977.8035240812303,977.8035240812303
981.9801138091088,981.9801138091088,981.9801138091088,981.9801138091088
979.6613434014322,979.6613434014322,979.6613434014322,979.6613434014322
982.2184142248632,982.2184142248632,982.2184142248632,982.2184142248632
972.2067476346494,972.2067476346494,972.2067476346494,972.2067476346494
976.6434592523576,976.6434592523576,976.6434592523576,976.6434592523576
982.6185388717653,982.6185388717653,982.6185388717653,982.6185388717653
980.7657432663442,980.7657432663442,980.7657432663442,980.7657432663442
983.1833348276614,983.1833348276614,983.1833348276614,983.1833348276614
990.0817034244537,990.0817034244537,990.0817034244537,990.0817034244537
994.4123016955855,994.4123016955855,994.4123016955855,994.4123016955855
991.7038949084284,991.7038949084284,991.7038949084284,991.7038949084284
989.1433433027269,989.1433433027269,989.1433433027269,989.1433433027269
986.1094695971012,986.1094695971012,986.1094695971012,986.1094695971012
991.0067282009124,991.0067282009124,991.0067282009124,991.0067282009124
996.2173306820393,996.2173306820393,996.2173306820393,996.2173306820393
997.2502872612476,997.2502872612476,997.2502872612476,997.2502872612476
997.4967064409257,997.4967064409257,997.4967064409257,997.4967064409257
999.6297830841543,999.6297830841543,999.6297830841543,999.6297830841543
1000.0474310359956,1000.0474310359956,1000.0474310359956,1000.0474310359956
997.2696198382379,997.2696198382379,997.2696198382379,997.2696198382379
993.2585647268295,993.2585647268295,993.2585647268295,993.2585647268295
990.4437139647009,990.4437139647009,990.4437139647009,990.4437139647009
990.7272461817267,990.7272461817267,990.7272461817267,990.7272461817267
996.2947436470986,996.2947436470986,996.2947436470986,996.2947436470986
1000.2866406798364,1000.2866406798364,1000.2866406798364,1000.2866406798364
998.057847116232,998.057847116232,998.057847116232,998.057847116232
988.0220997579097,988.0220997579097,988.0220997579097,988.0220997579097
984.9877209255698,984.9877209255698,984.9877209255698,984.9877209255698
985.514935453892,985.514935453892,985.514935453892,985.514935453892
989.4148259515762,989.4148259515762,989.4148259515762,989.4148259515762
988.7482699229716,988.7482699229716,988.7482699229716,988.7482699229716
992.2525819141865,992.2525819141865,992.2525819141865,992.2525819141865
999.9264394116401,999.9264394116401,999.9264394116401,999.9264394116401
1004.0603505241872,1004.0603505241872,1004.0603505241872,1004.0603505241872
1011.7592623066903,1011.7592623066903,1011.7592623066903,1011.7592623066903
1013.054434755564,1013.054434755564,1013.054434755564,1013.054434755564
1016.5858766434194,1016.5858766434194,1016.5858766434194,1016.5858766434194
1017.2225383546353,1017.2225383546353,1017.2225383546353,1017.2225383546353
1016.942275685072,1016.942275685072,1016.942275685072,1016.942275685072
1019.4227141938211,1019.4227141938211,1019.4227141938211,1019.4227141938211
1012.5899661493302,1012.5899661493302,1012.5899661493302,1012.5899661493302
1012.8100177145004,1012.8100177145004,1012.8100177145004,1012.8100177145004
1010.4418367300035,1010.4418367300035,1010.4418367300035,1010.4418367300035
1013.9342828354835,1013.9342828354835,1013.9342828354835,1013.9342828354835
1014.9150552330018,1014.9150552330018,1014.9150552330018,1014.9150552330018
1015.0356886765958,1015.0356886765958,1015.0356886765958,1015.0356886765958
1017.0108902611734,1017.0108902611734,1017.0108902611734,1017.0108902611734
1008.1109249129295,1008.1109249129295,1008.1109249129295,1008.1109249129295
1013.1652136361599,1013.1652136361599,1013.1652136361599,1013.1652136361599
1020.4967972717288,1020.4967972717288,1020.4967972717288,1020.4967972717288
1020.4449437184336,1020.4449437184336,1020.4449437184336,1020.4449437184336
1017.8039208350183,1017.8039208350183,1017.8039208350183,1017.8039208350183
1018.4260900015831,1018.4260900015831,1018.4260900015831,1018.4260900015831
1022.2828794143201,1022.2828794143201,1022.2828794143201,1022.2828794143201
1013.3351015264991,1013.3351015264991,1013.3351015264991,1013.3351015264991
997.3693134834768,997.3693134834768,997.3693134834768,997.3693134834768
989.5343848528861,989.5343848528861,989.5343848528861,989.5343848528861
993.4479780607223,993.4479780607223,993.4479780607223,993.4479780607223
987.8796448402406,987.8796448402406,987.8796448402406,987.8796448402406
994.4104373188018,994.4104373188018,994.4104373188018,994.4104373188018
990.7189621036053,990.7189621036053,990.7189621036053,990.7189621036053
973.2343957912923,973.2343957912923,973.2343957912923,973.2343957912923
976.2084808621406,976.2084808621406,976.2084808621406,976.2084808621406
973.8738862121106,973.8738862121106,973.8738862121106,973.8738862121106
981.9856610188484,981.9856610188484,981.9856610188484,981.9856610188484
992.8047772545815,992.8047772545815,992.8047772545815,992.8047772545815
997.3790394687652,997.3790394687652,997.3790394687652,997.3790394687652
1003.3795407381058,1003.3795407381058,1003.3795407381058,1003.3795407381058
1008.0161172206402,1008.0161172206402,1008.0161172206402,1008.0161172206402
1008.6841610770225,1008.6841610770225,1008.6841610770225,1008.6841610770225
1015.0825460674763,1015.0825460674763,1015.0825460674763,1015.0825460674763
1018.7673352417947,1018.7673352417947,1018.7673352417947,1018.7673352417947
1014.5283394043447,1014.5283394043447,1014.5283394043447,1014.5283394043447
1016.4263392586709,1016.4263392586709,1016.4263392586709,1016.4263392586709
1019.3085831086635,1019.3085831086635,1019.3085831086635,1019.3085831086635
1021.9738245220185,1021.9738245220185,1021.9738245220185,1021.9738245220185
1022.7778576741218,1022.7778576741218,1022.7778576741218,1022.7778576741218
1023.4858708298207,1023.4858708298207,1023.4858708298207,1023.4858708298207
1025.3896015763282,1025.3896015763282,1025.3896015763282,1025.3896015763282
1027.6022310850622,1027.6022310850622,1027.6022310850622,1027.6022310850622
1021.7817477927208,1021.7817477927208,1021.7817477927208,1021.7817477927208
1032.3849269499779,1032.3849269499779,1032.3849269499779,1032.3849269499779
1037.2170517599584,1037.2170517599584,1037.2170517599584,1037.2170517599584
1038.3337032437325,1038.3337032437325,1038.3337032437325,1038.3337032437325
1037.5217441942693,1037.5217441942693,1037.5217441942693,1037.5217441942693
1035.8812028343677,1035.8812028343677,1035.8812028343677,1035.8812028343677
1032.5517657117846,1032.5517657117846,1032.5517657117846,1032.5517657117846
1030.2456785767079,1030.2456785767079,1030.2456785767079,1030.2456785767079
1023.1136659140587,1023.1136659140587,1023.1136659140587,1023.1136659140587
1021.8246835634711,1021.8246835634711,1021.8246835634711,1021.8246835634711
1026.9947656979562,1026.9947656979562,1026.9947656979562,1026.9947656979562
1033.1388423478604,1033.1388423478604,1033.1388423478604,1033.1388423478604
1029.2748525834083,1029.2748525834083,1029.2748525834083,1029.2748525834083
1031.5241910281184,1031.5241910281184,1031.5241910281184,1031.5241910281184
1032.6050336198807,1032.6050336198807,1032.6050336198807,1032.6050336198807
1026.3546783092024,1026.3546783092024,1026.3546783092024,1026.3546783092024
1028.5829208254813,1028.5829208254813,1028.5829208254813,1028.5829208254813
1023.9466106824875,1023.9466106824875,1023.9466106824875,1023.9466106824875
1020.2595346617702,1020.2595346617702,1020.2595346617702,1020.2595346617702
1024.103668354273,1024.103668354273,1024.103668354273,1024.103668354273
1030.5220839149954,1030.5220839149954,1030.5220839149954,1030.5220839149954
1037.8069571056365,1037.8069571056365,1037.8069571056365,1037.8069571056365
1041.3889943220618,1041.3889943220618,1041.3889943220618,1041.3889943220618
1039.6830069081784,1039.6830069081784,1039.6830069081784,1039.6830069081784
1029.0177522697452,1029.0177522697452,1029.0177522697452,1029.0177522697452
1018.0420651206972,1018.0420651206972,1018.0420651206972,1018.0420651206972
1018.4016326844692,1018.4016326844692,1018.4016326844692,1018.4016326844692
1026.7493475875858,1026.7493475875858,1026.7493475875858,1026.7493475875858
1013.6447166502478,1013.6447166502478,1013.6447166502478,1013.6447166502478
1004.3808304643633,1004.3808304643633,1004.3808304643633,1004.3808304643633
1007.0876392142773,1007.0876392142773,1007.0876392142773,1007.0876392142773
1009.4273402361869,1009.4273402361869,1009.4273402361869,1009.4273402361869
1021.3317717311384,1021.3317717311384,1021.3317717311384,1021.3317717311384
1024.6438324947358,1024.6438324947358,1024.6438324947358,1024.6438324947358
1027.8014346930981,1027.8014346930981,1027.8014346930981,1027.8014346930981
1032.4057014341354,1032.4057014341354,1032.4057014341354,1032.4057014341354
1032.220797504187,1032.220797504187,1032.220797504187,1032.220797504187
1031.433672320843,1031.433672320843,1031.433672320843,1031.433672320843
1024.7122817566396,1024.7122817566396,1024.7122817566396,1024.7122817566396
1022.1969252157212,1022.1969252157212,1022.1969252157212,1022.1969252157212
1028.8928022887708,1028.8928022887708,1028.8928022887708,1028.8928022887708
1030.3327624223234,1030.3327624223234,1030.3327624223234,1030.3327624223234
1032.4948976278308,1032.4948976278308,1032.4948976278308,1032.4948976278308
1032.956032397747,1032.956032397747,1032.956032397747,1032.956032397747
1030.34269964242,1030.34269964242,1030.34269964242,1030.34269964242
1027.0095980551246,1027.0095980551246,1027.0095980551246,1027.0095980551246
1026.1488805015088,1026.1488805015088,1026.1488805015088,1026.1488805015088
1027.252022141695,1027.252022141695,1027.252022141695,1027.252022141695
1027.328966716528,1027.328966716528,1027.328966716528,1027.328966716528
1035.6125672633648,1035.6125672633648,1035.6125672633648,1035.6125672633648
1039.0462441716195,1039.0462441716195,1039.0462441716195,1039.0462441716195
1033.9798691437243,1033.9798691437243,1033.9798691437243,1033.9798691437243
1024.5839152822496,1024.5839152822496,1024.5839152822496,1024.5839152822496
1026.4582476539613,1026.4582476539613,1026.4582476539613,1026.4582476539613
1030.2146270599367,1030.2146270599367,1030.2146270599367,1030.2146270599367
1026.6030353386404,1026.6030353386404,1026.6030353386404,1026.6030353386404
1030.853373566866,1030.853373566866,1030.853373566866,1030.853373566866
1034.6620106275082,1034.6620106275082,1034.6620106275082,1034.6620106275082
1038.7778014671806,1038.7778014671806,1038.7778014671806,1038.7778014671806
1044.5071599001888,1044.5071599001888,1044.5071599001888,1044.5071599001888
1044.7773108513356,1044.7773108513356,1044.7773108513356,1044.7773108513356
1047.373395825386,1047.373395825386,1047.373395825386,1047.373395825386
1049.206730276108,1049.206730276108,1049.206730276108,1049.206730276108
1049.0592516436577,1049.0592516436577,1049.0592516436577,1049.0592516436577
1049.3358682167532,1049.3358682167532,1049.3358682167532,1049.3358682167532
1050.1709988062382,1050.1709988062382,1050.1709988062382,1050.1709988062382
1054.621394765854,1054.621394765854,1054.621394765854,1054.621394765854
1062.2336727247239,1062.2336727247239,1062.2336727247239,1062.2336727247239
1064.5364811282157,1064.5364811282157,1064.5364811282157,1064.5364811282157
1063.3722834444047,1063.3722834444047,1063.3722834444047,1063.3722834444047
1060.8170861818792,1060.8170861818792,1060.8170861818792,1060.8170861818792
1054.8902599399091,1054.8902599399091,1054.8902599399091,1054.8902599399091
1056.1148799629213,1056.1148799629213,1056.1148799629213,1056.1148799629213
1057.3758966617584,1057.3758966617584,1057.3758966617584,1057.3758966617584
1059.353256515026,1059.353256515026,1059.353256515026,1059.353256515026
1063.9508372151854,1063.9508372151854,1063.9508372151854,1063.9508372151854
1067.7815069847106,1067.7815069847106,1067.7815069847106,1067.7815069847106
1070.3802920906544,1070.3802920906544,1070.3802920906544,1070.3802920906544
1070.1996679615977,1070.1996679615977,1070.1996679615977,1070.1996679615977
1064.6131685476303,1064.6131685476303,1064.6131685476303,1064.6131685476303
1065.9640243287085,1065.9640243287085,1065.9640243287085,1065.9640243287085
1065.6096917145255,1065.6096917145255,1065.6096917145255,1065.6096917145255
1068.344796744585,1068.344796744585,1068.344796744585,1068.344796744585
1070.3265282399657,1070.3265282399657,1070.3265282399657,1070.3265282399657
1074.564385246277,1074.564385246277,1074.564385246277,1074.564385246277
1076.5573764753342,1076.5573764753342,1076.5573764753342,1076.5573764753342
1080.2470516026021,1080.2470516026021,1080.2470516026021,1080.2470516026021
1076.3632149503233,1076.3632149503233,1076.3632149503233,1076.3632149503233
1068.7053745617868,1068.7053745617868,1068.7053745617868,1068.7053745617868
1071.369927165985,1071.369927165985,1071.369927165985,1071.369927165985
1066.359657939911,1066.359657939911,1066.359657939911,1066.359657939911
1068.420005520344,1068.420005520344,1068.420005520344,1068.420005520344
1073.5978482379915,1073.5978482379915,1073.5978482379915,1073.5978482379915
1070.1919165625573,1070.1919165625573,1070.1919165625573,1070.1919165625573
1073.434233103037,1073.434233103037,1073.434233103037,1073.434233103037
1063.9057982804775,1063.9057982804775,1063.9057982804775,1063.9057982804775
1068.7451142580508,1068.7451142580508,1068.7451142580508,1068.7451142580508
1069.759142361641,1069.759142361641,1069.759142361641,1069.759142361641
1074.5573502087595,1074.5573502087595,1074.5573502087595,1074.5573502087595
1076.7526584632396,1076.7526584632396,1076.7526584632396,1076.7526584632396
1077.6896685190202,1077.6896685190202,1077.6896685190202,1077.6896685190202
1072.8554405450823,1072.8554405450823,1072.8554405450823,1072.8554405450823
1070.7032701120374,1070.7032701120374,1070.7032701120374,1070.7032701120374
1069.8431678946017,1069.8431678946017,1069.8431678946017,1069.8431678946017
1068.8192484915257,1068.8192484915257,1068.8192484915257,1068.8192484915257
1053.2221845819954,1053.2221845819954,1053.2221845819954,1053.2221845819954
1047.840886007786,1047.840886007786,1047.840886007786,1047.840886007786
1051.6756335275174,1051.6756335275174,1051.6756335275174,1051.6756335275174
1047.4083414099216,1047.4083414099216,1047.4083414099216,1047.4083414099216
1046.2011344823838,1046.2011344823838,1046.2011344823838,1046.2011344823838
1043.330894279957,1043.330894279957,1043.330894279957,1043.330894279957
1048.0081105027198,1048.0081105027198,1048.0081105027198,1048.0081105027198
1056.0525932469368,1056.0525932469368,1056.0525932469368,1056.0525932469368
1053.633348543644,1053.633348543644,1053.633348543644,1053.633348543644
1058.6192063732146,1058.6192063732146,1058.6192063732146,1058.6192063732146
1062.9109833602906,1062.9109833602906,1062.9109833602906,1062.9109833602906
1061.7779382185936,1061.7779382185936,1061.7779382185936,1061.7779382185936
1069.8253415136337,1069.8253415136337,1069.8253415136337,1069.8253415136337
1075.1653758273126,1075.1653758273126,1075.1653758273126,1075.1653758273126
1076.6469767704011,1076.6469767704011,1076.6469767704011,1076.6469767704011
1079.452918934107,1079.452918934107,1079.452918934107,1079.452918934107
1078.8475016062262,1078.8475016062262,1078.8475016062262,1078.8475016062262
1083.0817859890462,1083.0817859890462,1083.0817859890462,1083.0817859890462
1084.8456425561906,1084.8456425561906,1084.8456425561906,1084.8456425561906
1084.6543923978807,1084.6543923978807,1084.6543923978807,1084.6543923978807
1082.2374437251092,1082.2374437251092,1082.2374437251092,1082.2374437251092
1084.8559655094148,1084.8559655094148,1084.8559655094148,1084.8559655094148
1085.8099294545655,1085.8099294545655,1085.8099294545655,1085.8099294545655
1085.7666814236643,1085.7666814236643,1085.7666814236643,1085.7666814236643
1083.3634905657768,1083.3634905657768,1083.3634905657768,1083.3634905657768
1084.4679639036656,1084.4679639036656,1084.4679639036656,1084.4679639036656
1085.2557411596777,1085.2557411596777,1085.2557411596777,1085.2557411596777
1079.7661434178356,1079.7661434178356,1079.7661434178356,1079.7661434178356
1080.3785774149896,1080.3785774149896,1080.3785774149896,1080.3785774149896
1081.921326242924,1081.921326242924,1081.921326242924,1081.921326242924
1078.1139382228853,1078.1139382228853,1078.1139382228853,1078.1139382228853
1075.8287725179196,1075.8287725179196,1075.8287725179196,1075.8287725179196
1078.0807559897898,1078.0807559897898,1078.0807559897898,1078.0807559897898
1082.3204773728846,1082.3204773728846,1082.3204773728846,1082.3204773728846
1086.7786063632966,1086.7786063632966,1086.7786063632966,1086.7786063632966
1085.953945672989,1085.953945672989,1085.953945672989,1085.953945672989
1078.0132986130716,1078.0132986130716,1078.0132986130716,1078.0132986130716
1072.860170367956,1072.860170367956,1072.860170367956,1072.860170367956
1074.7386723310947,1074.7386723310947,1074.7386723310947,1074.7386723310947
1066.0099908597472,1066.0099908597472,1066.0099908597472,1066.0099908597472
1068.8036814045906,1068.8036814045906,1068.8036814045906,1068.8036814045906
1067.4550114445688,1067.4550114445688,1067.4550114445688,1067.4550114445688
1066.6712660181524,1066.6712660181524,1066.6712660181524,1066.6712660181524
1054.5871930952073,1054.5871930952073,1054.5871930952073,1054.5871930952073
1050.82670838666,1050.82670838666,1050.82670838666,1050.82670838666
1061.2348627114297,1061.2348627114297,1061.2348627114297,1061.2348627114297
1062.236666748524,1062.236666748524,1062.236666748524,1062.236666748524
1050.2650166640283,1050.2650166640283,1050.2650166640283,1050.2650166640283
1053.3591014740466,1053.3591014740466,1053.3591014740466,1053.3591014740466
1046.4932538535597,1046.4932538535597,1046.4932538535597,1046.4932538535597
1034.9581801965237,1034.9581801965237,1034.9581801965237,1034.9581801965237
1021.3625569083691,1021.3625569083691,1021.3625569083691,1021.3625569083691
1021.7925299520491,1021.7925299520491,1021.7925299520491,1021.7925299520491
1009.0341679697036,1009.0341679697036,1009.0341679697036,1009.0341679697036
1012.9488540880681,1012.9488540880681,1012.9488540880681,1012.9488540880681
1026.7071189942358,1026.7071189942358,1026.7071189942358,1026.7071189942358
1032.6937063186172,1032.6937063186172,1032.6937063186172,1032.6937063186172
1047.5439908931257,1047.5439908931257,1047.5439908931257,1047.5439908931257
1048.5518197143078,1048.5518197143078,1048.5518197143078,1048.5518197143078
1055.0239532051087,1055.0239532051087,1055.0239532051087,1055.0239532051087
1060.8997432806493,1060.8997432806493,1060.8997432806493,1060.8997432806493
1061.1227521331314,1061.1227521331314,1061.1227521331314,1061.1227521331314
1069.895352076292,1069.895352076292,1069.895352076292,1069.895352076292
1071.0610651402476,1071.0610651402476,1071.0610651402476,1071.0610651402476
1074.3005070505144,1074.3005070505144,1074.3005070505144,1074.3005070505144
1086.9396132075788,1086.9396132075788,1086.9396132075788,1086.9396132075788
1089.1628871138096,1089.1628871138096,1089.1628871138096,1089.1628871138096
1084.9045586993693,1084.9045586993693,1084.9045586993693,1084.9045586993693
1089.4528665845396,1089.4528665845396,1089.4528665845396,1089.4528665845396
1091.5499873898032,1091.5499873898032,1091.5499873898032,1091.5499873898032
1093.866948525429,1093.866948525429,1093.866948525429,1093.866948525429
1096.600042232752,1096.600042232752,1096.600042232752,1096.600042232752
1097.9863670933248,1097.9863670933248,1097.9863670933248,1097.9863670933248
1097.2324425113202,1097.2324425113202,1097.2324425113202,1097.2324425113202
1096.9518216609956,1096.9518216609956,1096.9518216609956,1096.9518216609956
1097.8037591938973,1097.8037591938973,1097.8037591938973,1097.8037591938973
1097.1644891920091,1097.1644891920091,1097.1644891920091,1097.1644891920091
1100.6827886011602,1100.6827886011602,1100.6827886011602,1100.6827886011602
1099.4388727376463,1099.4388727376463,1099.4388727376463,1099.4388727376463
1100.3668548014166,1100.3668548014166,1100.3668548014166,1100.3668548014166
1106.961853477478,1106.961853477478,1106.961853477478,1106.961853477478
1110.516411800623,1110.516411800623,1110.516411800623,1110.516411800623
1110.4204744613169,1110.4204744613169,1110.4204744613169,1110.4204744613169
1111.9205446739195,1111.9205446739195,1111.9205446739195,1111.9205446739195
1109.869234269619,1109.869234269619,1109.869234269619,1109.869234269619
1102.0824212546347,1102.0824212546347,1102.0824212546347,1102.0824212546347
1104.9609087986946,1104.9609087986946,1104.9609087986946,1104.9609087986946
1109.9697636699677,1109.9697636699677,1109.9697636699677,1109.9697636699677
1109.1779913208484,1109.1779913208484,1109.1779913208484,1109.1779913208484
1111.96026600194,1111.96026600194,1111.96026600194,1111.96026600194
1104.9907847478391,1104.9907847478391,1104.9907847478391,1104.9907847478391
1100.6551260254382,1100.6551260254382,1100.6551260254382,1100.6551260254382
1091.898598295927,1091.898598295927,1091.898598295927,1091.898598295927
1094.093970839262,1094.093970839262,1094.093970839262,1094.093970839262
1081.9862488019469,1081.9862488019469,1081.9862488019469,1081.9862488019469
1074.1684118225573,1074.1684118225573,1074.1684118225573,1074.1684118225573
1068.1598101575375,1068.1598101575375,1068.1598101575375,1068.1598101575375
1076.9306100127696,1076.9306100127696,1076.9306100127696,1076.9306100127696
1099.117593778849,1099.117593778849,1099.117593778849,1099.117593778849
1109.2646159603596,1109.2646159603596,1109.2646159603596,1109.2646159603596
1113.038693169594,1113.038693169594,1113.038693169594,1113.038693169594
1116.3749173583985,1116.3749173583985,1116.3749173583985,1116.3749173583985
1117.295744991064,1117.295744991064,1117.295744991064,1117.295744991064
1119.7267453706268,1119.7267453706268,1119.7267453706268,1119.7267453706268
1120.5471721806528,1120.5471721806528,1120.5471721806528,1120.5471721806528
1117.4758548092843,1117.4758548092843,1117.4758548092843,1117.4758548092843
1108.8854311118125,1108.8854311118125,1108.8854311118125,1108.8854311118125
1105.3032836859227,1105.3032836859227,1105.3032836859227,1105.3032836859227
1091.614588504553,1091.614588504553,1091.614588504553,1091.614588504553
1081.2251054999829,1081.2251054999829,1081.2251054999829,1081.2251054999829
1089.4504695286753,1089.4504695286753,1089.4504695286753,1089.4504695286753
1102.2662230899334,1102.2662230899334,1102.2662230899334,1102.2662230899334
1100.9043739147187,1100.9043739147187,1100.9043739147187,1100.9043739147187
1093.9941026957035,1093.9941026957035,1093.9941026957035,1093.9941026957035
1089.8577761590482,1089.8577761590482,1089.8577761590482,1089.8577761590482
1083.321115026474,1083.321115026474,1083.321115026474,1083.321115026474
1079.2491048967838,1079.2491048967838,1079.2491048967838,1079.2491048967838
1083.326147925377,1083.326147925377,1083.326147925377,1083.326147925377
1088.1232077572345,1088.1232077572345,1088.1232077572345,1088.1232077572345
1091.0583429663182,1091.0583429663182,1091.0583429663182,1091.0583429663182
1100.862512686253,1100.862512686253,1100.862512686253,1100.862512686253
1105.6224594807627,1105.6224594807627,1105.6224594807627,1105.6224594807627
1105.15874397254,1105.15874397254,1105.15874397254,1105.15874397254
1096.5251824536324,1096.5251824536324,1096.5251824536324,1096.5251824536324
1086.5030184118748,1086.5030184118748,1086.5030184118748,1086.5030184118748
1086.9054850099087,1086.9054850099087,1086.9054850099087,1086.9054850099087
1082.4623536908628,1082.4623536908628,1082.4623536908628,1082.4623536908628
1083.7169874248507,1083.7169874248507,1083.7169874248507,1083.7169874248507
1099.7304043250085,1099.7304043250085,1099.7304043250085,1099.7304043250085
1101.815181670189,1101.815181670189,1101.815181670189,1101.815181670189
1107.8997268407347,1107.8997268407347,1107.8997268407347,1107.8997268407347
1108.4647064790727,1108.4647064790727,1108.4647064790727,1108.4647064790727
1104.428036851168,1104.428036851168,1104.428036851168,1104.428036851168
1109.5506921792032,1109.5506921792032,1109.5506921792032,1109.5506921792032
1112.0902856183052,1112.0902856183052,1112.0902856183052,1112.0902856183052
1119.747694353104,1119.747694353104,1119.747694353104,1119.747694353104
1125.0033908736707,1125.0033908736707,1125.0033908736707,1125.0033908736707
1126.6336276485922,1126.6336276485922,1126.6336276485922,1126.6336276485922
1127.4495450546742,1127.4495450546742,1127.4495450546742,1127.4495450546742
1127.0924663879873,1127.0924663879873,1127.0924663879873,1127.0924663879873
1128.3722462482453,1128.3722462482453,1128.3722462482453,1128.3722462482453
1132.299514613867,1132.299514613867,1132.299514613867,1132.299514613867
1133.908701380968,1133.908701380968,1133.908701380968,1133.908701380968
1134.7774366731644,1134.7774366731644,1134.7774366731644,1134.7774366731644
1133.1603240087034,1133.1603240087034,1133.1603240087034,1133.1603240087034
1131.5586957740784,1131.5586957740784,1131.5586957740784,1131.5586957740784
1134.0466468946931,1134.0466468946931,1134.0466468946931,1134.0466468946931
1131.4592225477697,1131.4592225477697,1131.4592225477697,1131.4592225477697
1127.1833616442682,1127.1833616442682,1127.1833616442682,1127.1833616442682
1129.2335699539187,1129.2335699539187,1129.2335699539187,1129.2335699539187
1117.4038421080113,1117.4038421080113,1117.4038421080113,1117.4038421080113
1119.470591021538,1119.470591021538,1119.470591021538,1119.470591021538
1106.8820250883105,1106.8820250883105,1106.8820250883105,1106.8820250883105
1105.489528497696,1105.489528497696,1105.489528497696,1105.489528497696
1111.8604345948697,1111.8604345948697,1111.8604345948697,1111.8604345948697
1109.7980756917,1109.7980756917,1109.7980756917,1109.7980756917
1118.8521781609059,1118.8521781609059,1118.8521781609059,1118.8521781609059
1119.6244158823488,1119.6244158823488,1119.6244158823488,1119.6244158823488
1123.41274684906,1123.41274684906,1123.41274684906,1123.41274684906
1127.9935206058028,1127.9935206058028,1127.9935206058028,1127.9935206058028
1133.6004822437765,1133.6004822437765,1133.6004822437765,1133.6004822437765
1135.1974265761376,1135.1974265761376,1135.1974265761376,1135.1974265761376
1130.2728084726336,1130.2728084726336,1130.2728084726336,1130.2728084726336
1116.4242452781205,1116.4242452781205,1116.4242452781205,1116.4242452781205
1111.2199706571105,1111.2199706571105,1111.2199706571105,1111.2199706571105
1114.2655357501505,1114.2655357501505,1114.2655357501505,1114.2655357501505
1123.5475054724218,1123.5475054724218,1123.5475054724218,1123.5475054724218
1120.4018610010148,1120.4018610010148,1120.4018610010148,1120.4018610010148
1114.7520095129014,1114.7520095129014,1114.7520095129014,1114.7520095129014
1118.0536738502979,1118.0536738502979,1118.0536738502979,1118.0536738502979
1120.4282377996446,1120.4282377996446,1120.4282377996446,1120.4282377996446
1123.861455501795,1123.861455501795,1123.861455501795,1123.861455501795
1124.8656014900212,1124.8656014900212,1124.8656014900212,1124.8656014900212
1126.3363468008042,1126.3363468008042,1126.3363468008042,1126.3363468008042
1132.4844644644263,1132.4844644644263,1132.4844644644263,1132.4844644644263
1130.9417156364918,1130.9417156364918,1130.9417156364918,1130.9417156364918
1129.2880409820082,1129.2880409820082,1129.2880409820082,1129.2880409820082
1135.2038738298418,1135.2038738298418,1135.2038738298418,1135.2038738298418
1135.0166555011274,1135.0166555011274,1135.0166555011274,1135.0166555011274
1123.9160459234718,1123.9160459234718,1123.9160459234718,1123.9160459234718
1130.6403754067421,1130.6403754067421,1130.6403754067421,1130.6403754067421
1132.1593006219864,1132.1593006219864,1132.1593006219864,1132.1593006219864
1133.0563689308167,1133.0563689308167,1133.0563689308167,1133.0563689308167
1136.806870498657,1136.806870498657,1136.806870498657,1136.806870498657
1139.8136877806187,1139.8136877806187,1139.8136877806187,1139.8136877806187
1135.7232267496586,1135.7232267496586,1135.7232267496586,1135.7232267496586
1133.7556571705343,1133.7556571705343,1133.7556571705343,1133.7556571705343
1132.3981980056765,1132.3981980056765,1132.3981980056765,1132.3981980056765
1122.5556570236683,1122.5556570236683,1122.5556570236683,1122.5556570236683
1129.1385785791877,1129.1385785791877,1129.1385785791877,1129.1385785791877
1135.2313068025114,1135.2313068025114,1135.2313068025114,1135.2313068025114
1124.756135938883,1124.756135938883,1124.756135938883,1124.756135938883
1119.139283001423,1119.139283001423,1119.139283001423,1119.139283001423
1121.8495266129971,1121.8495266129971,1121.8495266129971,1121.8495266129971
1133.027742022276,1133.027742022276,1133.027742022276,1133.027742022276
1132.6055111935138,1132.6055111935138,1132.6055111935138,1132.6055111935138
1126.9308350234032,1126.9308350234032,1126.9308350234032,1126.9308350234032
1129.3652427122595,1129.3652427122595,1129.3652427122595,1129.3652427122595
1136.0064834430218,1136.0064834430218,1136.0064834430218,1136.0064834430218
1138.9006115469933,1138.9006115469933,1138.9006115469933,1138.9006115469933
1141.1299010531905,1141.1299010531905,1141.1299010531905,1141.1299010531905
1142.5354115448,1142.5354115448,1142.5354115448,1142.5354115448
1141.8040523507598,1141.8040523507598,1141.8040523507598,1141.8040523507598
1142.7514312803746,1142.7514312803746,1142.7514312803746,1142.7514312803746
1142.346953359604,1142.346953359604,1142.346953359604,1142.346953359604
1132.2923418145183,1132.2923418145183,1132.2923418145183,1132.2923418145183
1137.0334795269969,1137.0334795269969,1137.0334795269969,1137.0334795269969
1138.4868576629162,1138.4868576629162,1138.4868576629162,1138.4868576629162
1134.1998288669586,1134.1998288669586,1134.1998288669586,1134.1998288669586
1134.293038522005,1134.293038522005,1134.293038522005,1134.293038522005
1133.4128873660566,1133.4128873660566,1133.4128873660566,1133.4128873660566
1137.2269614269735,1137.2269614269735,1137.2269614269735,1137.2269614269735
1130.2018611295225,1130.2018611295225,1130.2018611295225,1130.2018611295225
1128.0292468407156,1128.0292468407156,1128.0292468407156,1128.0292468407156
1124.5188182241918,1124.5188182241918,1124.5188182241918,1124.5188182241918
1122.2173782548903,1122.2173782548903,1122.2173782548903,1122.2173782548903
1130.0803735625746,1130.0803735625746,1130.0803735625746,1130.0803735625746
1136.3050316996575,1136.3050316996575,1136.3050316996575,1136.3050316996575
1130.6595151171684,1130.6595151171684,1130.6595151171684,1130.6595151171684
1124.0784028337002,1124.0784028337002,1124.0784028337002,1124.0784028337002
1128.4838608839514,1128.4838608839514,1128.4838608839514,1128.4838608839514
1131.3765746331217,1131.3765746331217,1131.3765746331217,1131.3765746331217
1138.7962431836127,1138.7962431836127,1138.7962431836127,1138.7962431836127
1138.8735000185966,1138.8735000185966,1138.8735000185966,1138.8735000185966
1143.0955787031653,1143.0955787031653,1143.0955787031653,1143.0955787031653
1143.9498398189548,1143.9498398189548,1143.9498398189548,1143.9498398189548
1137.8945277090074,1137.8945277090074,1137.8945277090074,1137.8945277090074
1134.9289563193322,1134.9289563193322,1134.9289563193322,1134.9289563193322
1133.1032446899417,1133.1032446899417,1133.1032446899417,1133.1032446899417
1115.0064096946717,1115.0064096946717,1115.0064096946717,1115.0064096946717
1116.0373733193876,1116.0373733193876,1116.0373733193876,1116.0373733193876
1121.2341904332638,1121.2341904332638,1121.2341904332638,1121.2341904332638
1121.2502810151577,1121.2502810151577,1121.2502810151577,1121.2502810151577
1116.4490515918735,1116.4490515918735,1116.4490515918735,1116.4490515918735
1115.853029620886,1115.853029620886,1115.853029620886,1115.853029620886
1109.1908582758904,1109.1908582758904,1109.1908582758904,1109.1908582758904
1110.9142863376142,1110.9142863376142,1110.9142863376142,1110.9142863376142
1119.1227423975467,1119.1227423975467,1119.1227423975467,1119.1227423975467
1129.0640677967071,1129.0640677967071,1129.0640677967071,1129.0640677967071
1133.4657879092697,1133.4657879092697,1133.4657879092697,1133.4657879092697
1134.1086948235036,1134.1086948235036,1134.1086948235036,1134.1086948235036
1140.3603818318848,1140.3603818318848,1140.3603818318848,1140.3603818318848
1140.9282636528017,1140.9282636528017,1140.9282636528017,1140.9282636528017
1141.3157142112257,1141.3157142112257,1141.3157142112257,1141.3157142112257
1137.3923399133682,1137.3923399133682,1137.3923399133682,1137.3923399133682
1135.1145582425597,1135.1145582425597,1135.1145582425597,1135.1145582425597
1130.4220871930124,1130.4220871930124,1130.4220871930124,1130.4220871930124
1120.872179893017,1120.872179893017,1120.872179893017,1120.872179893017
1114.0908078274729,1114.0908078274729,1114.0908078274729,1114.0908078274729
1119.6880067436698,1119.6880067436698,1119.6880067436698,1119.6880067436698
1128.5822044632434,1128.5822044632434,1128.5822044632434,1128.5822044632434
1129.6648930635452,1129.6648930635452,1129.6648930635452,1129.6648930635452
1131.5352946310045,1131.5352946310045,1131.5352946310045,1131.5352946310045
1126.8366059308053,1126.8366059308053,1126.8366059308053,1126.8366059308053
1126.0621364676954,1126.0621364676954,1126.0621364676954,1126.0621364676954
1129.112679354906,1129.112679354906,1129.112679354906,1129.112679354906
1120.3964882895948,1120.3964882895948,1120.3964882895948,1120.3964882895948
1117.0857133030893,1117.0857133030893,1117.0857133030893,1117.0857133030893
1126.3779967944624,1126.3779967944624,1126.3779967944624,1126.3779967944624
1120.8174241571428,1120.8174241571428,1120.8174241571428,1120.8174241571428
1114.9256537091733,1114.9256537091733,1114.9256537091733,1114.9256537091733
1120.3205723364356,1120.3205723364356,1120.3205723364356,1120.3205723364356
1122.1890268700124,1122.1890268700124,1122.1890268700124,1122.1890268700124
1124.8819584114551,1124.8819584114551,1124.8819584114551,1124.8819584114551
1127.3111862554554,1127.3111862554554,1127.3111862554554,1127.3111862554554
1118.0626100010873,1118.0626100010873,1118.0626100010873,1118.0626100010873
1100.294906388998,1100.294906388998,1100.294906388998,1100.294906388998
1073.5393361961844,1073.5393361961844,1073.5393361961844,1073.5393361961844
1031.9829654786586,1031.9829654786586,1031.9829654786586,1031.9829654786586
1026.9950779581072,1026.9950779581072,1026.9950779581072,1026.9950779581072
1042.5292398154738,1042.5292398154738,1042.5292398154738,1042.5292398154738
1069.1897451605796,1069.1897451605796,1069.1897451605796,1069.1897451605796
1077.1993833456042,1077.1993833456042,1077.1993833456042,1077.1993833456042
1072.6340848345758,1072.6340848345758,1072.6340848345758,1072.6340848345758
1046.1076401195528,1046.1076401195528,1046.1076401195528,1046.1076401195528
1053.911838677645,1053.911838677645,1053.911838677645,1053.911838677645
1062.5346455895901,1062.5346455895901,1062.5346455895901,1062.5346455895901
1049.6946092095375,1049.6946092095375,1049.6946092095375,1049.6946092095375
1061.2174955365658,1061.2174955365658,1061.2174955365658,1061.2174955365658
1060.4984706184864,1060.4984706184864,1060.4984706184864,1060.4984706184864
1061.5353304495814,1061.5353304495814,1061.5353304495814,1061.5353304495814
1063.926131926775,1063.926131926775,1063.926131926775,1063.926131926775
1064.7999735908509,1064.7999735908509,1064.7999735908509,1064.7999735908509
1070.2451385500433,1070.2451385500433,1070.2451385500433,1070.2451385500433
1079.6353523352147,1079.6353523352147,1079.6353523352147,1079.6353523352147
1081.8148822679518,1081.8148822679518,1081.8148822679518,1081.8148822679518
1068.3045794739724,1068.3045794739724,1068.3045794739724,1068.3045794739724
1069.1979833180908,1069.1979833180908,1069.1979833180908,1069.1979833180908
1058.0746889588831,1058.0746889588831,1058.0746889588831,1058.0746889588831
1057.116316635132,1057.116316635132,1057.116316635132,1057.116316635132
1050.2311088852884,1050.2311088852884,1050.2311088852884,1050.2311088852884
1051.155463220835,1051.155463220835,1051.155463220835,1051.155463220835
1030.3398984851838,1030.3398984851838,1030.3398984851838,1030.3398984851838
1027.1375328757763,1027.1375328757763,1027.1375328757763,1027.1375328757763
1037.6744302239417,1037.6744302239417,1037.6744302239417,1037.6744302239417
1041.9545066394808,1041.9545066394808,1041.9545066394808,1041.9545066394808
1045.9573786981107,1045.9573786981107,1045.9573786981107,1045.9573786981107
1067.0261313114165,1067.0261313114165,1067.0261313114165,1067.0261313114165
1070.88145126462,1070.88145126462,1070.88145126462,1070.88145126462
1075.365369269848,1075.365369269848,1075.365369269848,1075.365369269848
1082.1535835063457,1082.1535835063457,1082.1535835063457,1082.1535835063457
1087.7082599372866,1087.7082599372866,1087.7082599372866,1087.7082599372866
1088.355373179436,1088.355373179436,1088.355373179436,1088.355373179436
1082.8603292531968,1082.8603292531968,1082.8603292531968,1082.8603292531968
1077.8188156437877,1077.8188156437877,1077.8188156437877,1077.8188156437877
1084.6430224547387,1084.6430224547387,1084.6430224547387,1084.6430224547387
1092.4045056610107,1092.4045056610107,1092.4045056610107,1092.4045056610107
1093.32592107749,1093.32592107749,1093.32592107749,1093.32592107749
1093.5994517855647,1093.5994517855647,1093.5994517855647,1093.5994517855647
1087.9746086618902,1087.9746086618902,1087.9746086618902,1087.9746086618902
1094.1836446073057,1094.1836446073057,1094.1836446073057,1094.1836446073057
1107.8458344123364,1107.8458344123364,1107.8458344123364,1107.8458344123364
1108.0206909127232,1108.0206909127232,1108.0206909127232,1108.0206909127232
1104.049623468876,1104.049623468876,1104.049623468876,1104.049623468876
1110.786773986578,1110.786773986578,1110.786773986578,1110.786773986578
1115.3820127356053,1115.3820127356053,1115.3820127356053,1115.3820127356053
1112.7065861308577,1112.7065861308577,1112.7065861308577,1112.7065861308577
1117.576485234976,1117.576485234976,1117.576485234976,1117.576485234976
1123.8832953441147,1123.8832953441147,1123.8832953441147,1123.8832953441147
1122.76254774189,1122.76254774189,1122.76254774189,1122.76254774189
1120.5191422400476,1120.5191422400476,1120.5191422400476,1120.5191422400476
1119.434984180212,1119.434984180212,1119.434984180212,1119.434984180212
1112.0266029157638,1112.0266029157638,1112.0266029157638,1112.0266029157638
1112.5034057979585,1112.5034057979585,1112.5034057979585,1112.5034057979585
1111.9029111595155,1111.9029111595155,1111.9029111595155,1111.9029111595155
1098.8579494633675,1098.8579494633675,1098.8579494633675,1098.8579494633675
1089.1240290932656,1089.1240290932656,1089.1240290932656,1089.1240290932656
1093.2715418906214,1093.2715418906214,1093.2715418906214,1093.2715418906214
1098.974551077366,1098.974551077366,1098.974551077366,1098.974551077366
1106.0840534567833,1106.0840534567833,1106.0840534567833,1106.0840534567833
1112.683552352667,1112.683552352667,1112.683552352667,1112.683552352667
1114.9688190829754,1114.9688190829754,1114.9688190829754,1114.9688190829754
1115.1940321247578,1115.1940321247578,1115.1940321247578,1115.1940321247578
1113.6504842782022,1113.6504842782022,1113.6504842782022,1113.6504842782022
1117.9159212031366,1117.9159212031366,1117.9159212031366,1117.9159212031366
1118.2716222515107,1118.2716222515107,1118.2716222515107,1118.2716222515107
1115.7755799193383,1115.7755799193383,1115.7755799193383,1115.7755799193383
1119.7539854767324,1119.7539854767324,1119.7539854767324,1119.7539854767324
1114.6298423209194,1114.6298423209194,1114.6298423209194,1114.6298423209194
1100.1740249741076,1100.1740249741076,1100.1740249741076,1100.1740249741076
1108.3345215485097,1108.3345215485097,1108.3345215485097,1108.3345215485097
1109.0149547855858,1109.0149547855858,1109.0149547855858,1109.0149547855858
1102.5406630260945,1102.5406630260945,1102.5406630260945,1102.5406630260945
1095.2786491153242,1095.2786491153242,1095.2786491153242,1095.2786491153242
1097.631575273037,1097.631575273037,1097.631575273037,1097.631575273037
1081.6621870541574,1081.6621870541574,1081.6621870541574,1081.6621870541574
1078.326532280922,1078.326532280922,1078.326532280922,1078.326532280922
1088.3916137251854,1088.3916137251854,1088.3916137251854,1088.3916137251854
1099.8591657166482,1099.8591657166482,1099.8591657166482,1099.8591657166482
1094.342961573124,1094.342961573124,1094.342961573124,1094.342961573124
1079.3124569709303,1079.3124569709303,1079.3124569709303,1079.3124569709303
1081.3897217042447,1081.3897217042447,1081.3897217042447,1081.3897217042447
1088.1698814656738,1088.1698814656738,1088.1698814656738,1088.1698814656738
1098.356680079937,1098.356680079937,1098.356680079937,1098.356680079937
1102.6614985203744,1102.6614985203744,1102.6614985203744,1102.6614985203744
1098.3557065629961,1098.3557065629961,1098.3557065629961,1098.3557065629961
1105.090818205595,1105.090818205595,1105.090818205595,1105.090818205595
1103.636420632124,1103.636420632124,1103.636420632124,1103.636420632124
1095.4858061730863,1095.4858061730863,1095.4858061730863,1095.4858061730863
1076.7461744730474,1076.7461744730474,1076.7461744730474,1076.7461744730474
1079.7310784397125,1079.7310784397125,1079.7310784397125,1079.7310784397125
1068.5800939524174,1068.5800939524174,1068.5800939524174,1068.5800939524174
1048.8686994786262,1048.8686994786262,1048.8686994786262,1048.8686994786262
1038.3817729387285,1038.3817729387285,1038.3817729387285,1038.3817729387285
1033.7200227775575,1033.7200227775575,1033.7200227775575,1033.7200227775575
1038.4630064985754,1038.4630064985754,1038.4630064985754,1038.4630064985754
1021.6097751066685,1021.6097751066685,1021.6097751066685,1021.6097751066685
1024.2496499748231,1024.2496499748231,1024.2496499748231,1024.2496499748231
1012.4142187891006,1012.4142187891006,1012.4142187891006,1012.4142187891006
1012.1350490300656,1012.1350490300656,1012.1350490300656,1012.1350490300656
996.3533934507371,996.3533934507371,996.3533934507371,996.3533934507371
1006.0521386332514,1006.0521386332514,1006.0521386332514,1006.0521386332514
1019.1980613834858,1019.1980613834858,1019.1980613834858,1019.1980613834858
1014.7960841155054,1014.7960841155054,1014.7960841155054,1014.7960841155054
1019.8261910452842,1019.8261910452842,1019.8261910452842,1019.8261910452842
1015.5773865654471,1015.5773865654471,1015.5773865654471,1015.5773865654471
1016.6163311922552,1016.6163311922552,1016.6163311922552,1016.6163311922552
1029.8987575490476,1029.8987575490476,1029.8987575490476,1029.8987575490476
1038.0091363692284,1038.0091363692284,1038.0091363692284,1038.0091363692284
1025.067909332037,1025.067909332037,1025.067909332037,1025.067909332037
1020.3952484338284,1020.3952484338284,1020.3952484338284,1020.3952484338284
1028.1499721262455,1028.1499721262455,1028.1499721262455,1028.1499721262455
1013.7779782617093,1013.7779782617093,1013.7779782617093,1013.7779782617093
995.9114259436132,995.9114259436132,995.9114259436132,995.9114259436132
995.675513399601,995.675513399601,995.675513399601,995.675513399601
999.054370283127,999.054370283127,999.054370283127,999.054370283127
985.604039806366,985.604039806366,985.604039806366,985.604039806366
996.343722570181,996.343722570181,996.343722570181,996.343722570181
1011.6857893300057,1011.6857893300057,1011.6857893300057,1011.6857893300057
1026.9908991825582,1026.9908991825582,1026.9908991825582,1026.9908991825582
1030.3124104077815,1030.3124104077815,1030.3124104077815,1030.3124104077815
1027.348179899931,1027.348179899931,1027.348179899931,1027.348179899931
1036.2250196287634,1036.2250196287634,1036.2250196287634,1036.2250196287634
1033.2805441675187,1033.2805441675187,1033.2805441675187,1033.2805441675187
1028.176422397852,1028.176422397852,1028.176422397852,1028.176422397852
1040.545001054764,1040.545001054764,1040.545001054764,1040.545001054764
1045.8639669923782,1045.8639669923782,1045.8639669923782,1045.8639669923782
1040.4213092985156,1040.4213092985156,1040.4213092985156,1040.4213092985156
1049.161985233307,1049.161985233307,1049.161985233307,1049.161985233307
1060.4059038519858,1060.4059038519858,1060.4059038519858,1060.4059038519858
1065.0474581286908,1065.0474581286908,1065.0474581286908,1065.0474581286908
1069.0909974799158,1069.0909974799158,1069.0909974799158,1069.0909974799158
1070.9412031629086,1070.9412031629086,1070.9412031629086,1070.9412031629086
1062.7302031011582,1062.7302031011582,1062.7302031011582,1062.7302031011582
1064.3904627711775,1064.3904627711775,1064.3904627711775,1064.3904627711775
1061.7504593253138,1061.7504593253138,1061.7504593253138,1061.7504593253138
1073.3351547939778,1073.3351547939778,1073.3351547939778,1073.3351547939778
1078.4565702655316,1078.4565702655316,1078.4565702655316,1078.4565702655316
1075.032141768217,1075.032141768217,1075.032141768217,1075.032141768217
1078.0016806986332,1078.0016806986332,1078.0016806986332,1078.0016806986332
1084.0422890291215,1084.0422890291215,1084.0422890291215,1084.0422890291215
1090.9718836410045,1090.9718836410045,1090.9718836410045,1090.9718836410045
1092.3474447104932,1092.3474447104932,1092.3474447104932,1092.3474447104932
1091.322882418871,1091.322882418871,1091.322882418871,1091.322882418871
1086.3910180430414,1086.3910180430414,1086.3910180430414,1086.3910180430414
1083.0039138178824,1083.0039138178824,1083.0039138178824,1083.0039138178824
1085.444557525635,1085.444557525635,1085.444557525635,1085.444557525635
1088.9702134165766,1088.9702134165766,1088.9702134165766,1088.9702134165766
1098.1189031591416,1098.1189031591416,1098.1189031591416,1098.1189031591416
1098.3963095667364,1098.3963095667364,1098.3963095667364,1098.3963095667364
1097.5533173687459,1097.5533173687459,1097.5533173687459,1097.5533173687459
1100.2119186618331,1100.2119186618331,1100.2119186618331,1100.2119186618331
1091.4398422136305,1091.4398422136305,1091.4398422136305,1091.4398422136305
1095.2344918563365,1095.2344918563365,1095.2344918563365,1095.2344918563365
1088.9103237564566,1088.9103237564566,1088.9103237564566,1088.9103237564566
1091.2876153900622,1091.2876153900622,1091.2876153900622,1091.2876153900622
1090.3273603212833,1090.3273603212833,1090.3273603212833,1090.3273603212833
1093.465997307539,1093.465997307539,1093.465997307539,1093.465997307539
1103.8828214435578,1103.8828214435578,1103.8828214435578,1103.8828214435578
1108.4455851368907,1108.4455851368907,1108.4455851368907,1108.4455851368907
1108.160693669796,1108.160693669796,1108.160693669796,1108.160693669796
1109.8439687497616,1109.8439687497616,1109.8439687497616,1109.8439687497616
1115.3999493260385,1115.3999493260385,1115.3999493260385,1115.3999493260385
1116.908597508669,1116.908597508669,1116.908597508669,1116.908597508669
1113.3010559852123,1113.3010559852123,1113.3010559852123,1113.3010559852123
1112.4550146586896,1112.4550146586896,1112.4550146586896,1112.4550146586896
1110.9231030948165,1110.9231030948165,1110.9231030948165,1110.9231030948165
1113.5319815509322,1113.5319815509322,1113.5319815509322,1113.5319815509322
1114.3219629962446,1114.3219629962446,1114.3219629962446,1114.3219629962446
1107.877767604828,1107.877767604828,1107.877767604828,1107.877767604828
1100.9520670607092,1100.9520670607092,1100.9520670607092,1100.9520670607092
1106.5655035047532,1106.5655035047532,1106.5655035047532,1106.5655035047532
1100.1916033837795,1100.1916033837795,1100.1916033837795,1100.1916033837795
1095.1286081128121,1095.1286081128121,1095.1286081128121,1095.1286081128121
1094.3481506021026,1094.3481506021026,1094.3481506021026,1094.3481506021026
1094.2744021017552,1094.2744021017552,1094.2744021017552,1094.2744021017552
1098.0037067158223,1098.0037067158223,1098.0037067158223,1098.0037067158223
1104.1691272654534,1104.1691272654534,1104.1691272654534,1104.1691272654534
1101.8537733511926,1101.8537733511926,1101.8537733511926,1101.8537733511926
1098.2685125079156,1098.2685125079156,1098.2685125079156,1098.2685125079156
1092.72684997797,1092.72684997797,1092.72684997797,1092.72684997797
1096.971732837677,1096.971732837677,1096.971732837677,1096.971732837677
1092.4364296693805,1092.4364296693805,1092.4364296693805,1092.4364296693805
1090.6633522436618,1090.6633522436618,1090.6633522436618,1090.6633522436618
1087.0917573740485,1087.0917573740485,1087.0917573740485,1087.0917573740485
1092.7903214457037,1092.7903214457037,1092.7903214457037,1092.7903214457037
1094.69497060442,1094.69497060442,1094.69497060442,1094.69497060442
1100.4085231633187,1100.4085231633187,1100.4085231633187,1100.4085231633187
1110.7224208431246,1110.7224208431246,1110.7224208431246,1110.7224208431246
1112.8760882880688,1112.8760882880688,1112.8760882880688,1112.8760882880688
1115.3564900603294,1115.3564900603294,1115.3564900603294,1115.3564900603294
1115.7904122765065,1115.7904122765065,1115.7904122765065,1115.7904122765065
1115.748045921326,1115.748045921326,1115.748045921326,1115.748045921326
1118.5590301680563,1118.5590301680563,1118.5590301680563,1118.5590301680563
1116.755874742508,1116.755874742508,1116.755874742508,1116.755874742508
1121.6673044466975,1121.6673044466975,1121.6673044466975,1121.6673044466975
1125.3054933855533,1125.3054933855533,1125.3054933855533,1125.3054933855533
1127.6142163636684,1127.6142163636684,1127.6142163636684,1127.6142163636684
1125.7785399618149,1125.7785399618149,1125.7785399618149,1125.7785399618149
1116.8514539010525,1116.8514539010525,1116.8514539010525,1116.8514539010525
1110.1720623271467,1110.1720623271467,1110.1720623271467,1110.1720623271467
1105.8336759204867,1105.8336759204867,1105.8336759204867,1105.8336759204867
1106.692795436859,1106.692795436859,1106.692795436859,1106.692795436859
1103.2017820544247,1103.2017820544247,1103.2017820544247,1103.2017820544247
1105.2193040735722,1105.2193040735722,1105.2193040735722,1105.2193040735722
1109.43596412611,1109.43596412611,1109.43596412611,1109.43596412611
1112.9977228009705,1112.9977228009705,1112.9977228009705,1112.9977228009705
1112.4221906063558,1112.4221906063558,1112.4221906063558,1112.4221906063558
1119.6215320680144,1119.6215320680144,1119.6215320680144,1119.6215320680144
1091.8595290405751,1091.8595290405751,1091.8595290405751,1091.8595290405751
1072.489646146536,1072.489646146536,1072.489646146536,1072.489646146536
1081.4391506493093,1081.4391506493093,1081.4391506493093,1081.4391506493093
1096.1961153593063,1096.1961153593063,1096.1961153593063,1096.1961153593063
1110.294973433018,1110.294973433018,1110.294973433018,1110.294973433018
1118.4919493403438,1118.4919493403438,1118.4919493403438,1118.4919493403438
1111.2768571093084,1111.2768571093084,1111.2768571093084,1111.2768571093084
1111.838319228888,1111.838319228888,1111.838319228888,1111.838319228888
1115.5973344779018,1115.5973344779018,1115.5973344779018,1115.5973344779018
1124.7220444777015,1124.7220444777015,1124.7220444777015,1124.7220444777015
1134.198653299332,1134.198653299332,1134.198653299332,1134.198653299332
1139.9706260588168,1139.9706260588168,1139.9706260588168,1139.9706260588168
1141.2952887237072,1141.2952887237072,1141.2952887237072,1141.2952887237072
1145.1767007677556,1145.1767007677556,1145.1767007677556,1145.1767007677556
1145.2482542629245,1145.2482542629245,1145.2482542629245,1145.2482542629245
1146.7759686830045,1146.7759686830045,1146.7759686830045,1146.7759686830045
1145.868807024002,1145.868807024002,1145.868807024002,1145.868807024002
1148.8152570714951,1148.8152570714951,1148.8152570714951,1148.8152570714951
1146.8696834647658,1146.8696834647658,1146.8696834647658,1146.8696834647658
1149.443763282299,1149.443763282299,1149.443763282299,1149.443763282299
1148.5353342144492,1148.5353342144492,1148.5353342144492,1148.5353342144492
1148.5928635551932,1148.5928635551932,1148.5928635551932,1148.5928635551932
1148.160741426945,1148.160741426945,1148.160741426945,1148.160741426945
1148.8569621698857,1148.8569621698857,1148.8569621698857,1148.8569621698857
1150.377715025425,1150.377715025425,1150.377715025425,1150.377715025425
1150.7216052927972,1150.7216052927972,1150.7216052927972,1150.7216052927972
1143.1433820586208,1143.1433820586208,1143.1433820586208,1143.1433820586208
1145.2260195033552,1145.2260195033552,1145.2260195033552,1145.2260195033552
1147.5030113396647,1147.5030113396647,1147.5030113396647,1147.5030113396647
1153.0859473142625,1153.0859473142625,1153.0859473142625,1153.0859473142625
1155.507644178152,1155.507644178152,1155.507644178152,1155.507644178152
1155.8989979884625,1155.8989979884625,1155.8989979884625,1155.8989979884625
1153.0350121731758,1153.0350121731758,1153.0350121731758,1153.0350121731758
1155.9854205772879,1155.9854205772879,1155.9854205772879,1155.9854205772879
1156.1800780448914,1156.1800780448914,1156.1800780448914,1156.1800780448914
1158.9997412869932,1158.9997412869932,1158.9997412869932,1158.9997412869932
1155.240478066683,1155.240478066683,1155.240478066683,1155.240478066683
1153.16678595686,1153.16678595686,1153.16678595686,1153.16678595686
1156.9652378261087,1156.9652378261087,1156.9652378261087,1156.9652378261087
1155.8137968878748,1155.8137968878748,1155.8137968878748,1155.8137968878748
1155.8517548644543,1155.8517548644543,1155.8517548644543,1155.8517548644543
1159.376648473263,1159.376648473263,1159.376648473263,1159.376648473263
1153.8760757055281,1153.8760757055281,1153.8760757055281,1153.8760757055281
1152.9848117618562,1152.9848117618562,1152.9848117618562,1152.9848117618562
1150.1327010164264,1150.1327010164264,1150.1327010164264,1150.1327010164264
1154.3533469779493,1154.3533469779493,1154.3533469779493,1154.3533469779493
1154.30618651104,1154.30618651104,1154.30618651104,1154.30618651104
1151.135873487711,1151.135873487711,1151.135873487711,1151.135873487711
1150.2733282938007,1150.2733282938007,1150.2733282938007,1150.2733282938007
1155.9709831373693,1155.9709831373693,1155.9709831373693,1155.9709831373693
1158.0476876392363,1158.0476876392363,1158.0476876392363,1158.0476876392363
1159.5451771135333,1159.5451771135333,1159.5451771135333,1159.5451771135333
1158.4105614869595,1158.4105614869595,1158.4105614869595,1158.4105614869595
1135.9750737454892,1135.9750737454892,1135.9750737454892,1135.9750737454892
1138.5696433393955,1138.5696433393955,1138.5696433393955,1138.5696433393955
1133.002320372343,1133.002320372343,1133.002320372343,1133.002320372343
1132.003638936758,1132.003638936758,1132.003638936758,1132.003638936758
1136.713403688192,1136.713403688192,1136.713403688192,1136.713403688192
1138.017943941593,1138.017943941593,1138.017943941593,1138.017943941593
1139.308524329424,1139.308524329424,1139.308524329424,1139.308524329424
1139.9567488503455,1139.9567488503455,1139.9567488503455,1139.9567488503455
1144.4941184461118,1144.4941184461118,1144.4941184461118,1144.4941184461118
1154.6729911630157,1154.6729911630157,1154.6729911630157,1154.6729911630157
1152.2053461363316,1152.2053461363316,1152.2053461363316,1152.2053461363316
1144.3152760367393,1144.3152760367393,1144.3152760367393,1144.3152760367393
1145.5517803137304,1145.5517803137304,1145.5517803137304,1145.5517803137304
1150.1243342812063,1150.1243342812063,1150.1243342812063,1150.1243342812063
1144.8862161703114,1144.8862161703114,1144.8862161703114,1144.8862161703114
1149.471885064125,1149.471885064125,1149.471885064125,1149.471885064125
1148.8110966641902,1148.8110966641902,1148.8110966641902,1148.8110966641902
1144.220137716055,1144.220137716055,1144.220137716055,1144.220137716055
1147.7656496789457,1147.7656496789457,1147.7656496789457,1147.7656496789457
1147.139329289198,1147.139329289198,1147.139329289198,1147.139329289198
1144.1773488912586,1144.1773488912586,1144.1773488912586,1144.1773488912586
1149.0010977818968,1149.0010977818968,1149.0010977818968,1149.0010977818968
1137.4561511936188,1137.4561511936188,1137.4561511936188,1137.4561511936188
1137.978406296015,1137.978406296015,1137.978406296015,1137.978406296015
1132.499480504036,1132.499480504036,1132.499480504036,1132.499480504036
1135.8313330507278,1135.8313330507278,1135.8313330507278,1135.8313330507278
1133.0526677296161,1133.0526677296161,1133.0526677296161,1133.0526677296161
1137.877766686201,1137.877766686201,1137.877766686201,1137.877766686201
1139.6325034201145,1139.6325034201145,1139.6325034201145,1139.6325034201145
1138.2088634715085,1138.2088634715085,1138.2088634715085,1138.2088634715085
1137.1893157105446,1137.1893157105446,1137.1893157105446,1137.1893157105446
1142.6665424399375,1142.6665424399375,1142.6665424399375,1142.6665424399375
1139.8933692238331,1139.8933692238331,1139.8933692238331,1139.8933692238331
1136.3826926360132,1136.3826926360132,1136.3826926360132,1136.3826926360132
1133.7436535229683,1133.7436535229683,1133.7436535229683,1133.7436535229683
1129.924491458416,1129.924491458416,1129.924491458416,1129.924491458416
1131.18126509285,1131.18126509285,1131.18126509285,1131.18126509285
1122.4426555855275,1122.4426555855275,1122.4426555855275,1122.4426555855275
1117.7198401966095,1117.7198401966095,1117.7198401966095,1117.7198401966095
1113.7756822304727,1113.7756822304727,1113.7756822304727,1113.7756822304727
1112.9643017807007,1112.9643017807007,1112.9643017807007,1112.9643017807007
1124.2286826233867,1124.2286826233867,1124.2286826233867,1124.2286826233867
1133.148788751364,1133.148788751364,1133.148788751364,1133.148788751364
1139.1983332326413,1139.1983332326413,1139.1983332326413,1139.1983332326413
1147.830168136597,1147.830168136597,1147.830168136597,1147.830168136597
1149.4817028906346,1149.4817028906346,1149.4817028906346,1149.4817028906346
1152.6299648368358,1152.6299648368358,1152.6299648368358,1152.6299648368358
1157.669641621828,1157.669641621828,1157.669641621828,1157.669641621828
1159.0296080520152,1159.0296080520152,1159.0296080520152,1159.0296080520152
1162.1813967010974,1162.1813967010974,1162.1813967010974,1162.1813967010974
1162.7661956748964,1162.7661956748964,1162.7661956748964,1162.7661956748964
1166.5606891875266,1166.5606891875266,1166.5606891875266,1166.5606891875266
1170.7058141131404,1170.7058141131404,1170.7058141131404,1170.7058141131404
1171.6112399730682,1171.6112399730682,1171.6112399730682,1171.6112399730682
1175.8069602272512,1175.8069602272512,1175.8069602272512,1175.8069602272512
1171.920267313004,1171.920267313004,1171.920267313004,1171.920267313004
1171.561710002661,1171.561710002661,1171.561710002661,1171.561710002661
1170.4987305283548,1170.4987305283548,1170.4987305283548,1170.4987305283548
1165.9933492298128,1165.9933492298128,1165.9933492298128,1165.9933492298128
1166.1964560897352,1166.1964560897352,1166.1964560897352,1166.1964560897352
1170.7907305059434,1170.7907305059434,1170.7907305059434,1170.7907305059434
1175.2252195661072,1175.2252195661072,1175.2252195661072,1175.2252195661072
1182.5540571491717,1182.5540571491717,1182.5540571491717,1182.5540571491717
1191.0613002529144,1191.0613002529144,1191.0613002529144,1191.0613002529144
1196.297058044434,1196.297058044434,1196.297058044434,1196.297058044434
1195.1439823324679,1195.1439823324679,1195.1439823324679,1195.1439823324679
1198.5066843452455,1198.5066843452455,1198.5066843452455,1198.5066843452455
1192.4009238526821,1192.4009238526821,1192.4009238526821,1192.4009238526821
1194.5093870487215,1194.5093870487215,1194.5093870487215,1194.5093870487215
1194.6287622675898,1194.6287622675898,1194.6287622675898,1194.6287622675898
1196.4748534638884,1196.4748534638884,1196.4748534638884,1196.4748534638884
1199.840604605198,1199.840604605198,1199.840604605198,1199.840604605198
1199.04914451623,1199.04914451623,1199.04914451623,1199.04914451623
1195.325276902437,1195.325276902437,1195.325276902437,1195.325276902437
1196.6942713246349,1196.6942713246349,1196.6942713246349,1196.6942713246349
1199.0902434625627,1199.0902434625627,1199.0902434625627,1199.0902434625627
1191.9943886885644,1191.9943886885644,1191.9943886885644,1191.9943886885644
1190.6448829734327,1190.6448829734327,1190.6448829734327,1190.6448829734327
1186.7169349827768,1186.7169349827768,1186.7169349827768,1186.7169349827768
1191.8986074793338,1191.8986074793338,1191.8986074793338,1191.8986074793338
1198.781381436825,1198.781381436825,1198.781381436825,1198.781381436825
1199.1594090859892,1199.1594090859892,1199.1594090859892,1199.1594090859892
1201.0594478154185,1201.0594478154185,1201.0594478154185,1201.0594478154185
1199.8760002117156,1199.8760002117156,1199.8760002117156,1199.8760002117156
1199.7137626950744,1199.7137626950744,1199.7137626950744,1199.7137626950744
1200.4813440666198,1200.4813440666198,1200.4813440666198,1200.4813440666198
1197.5031812455654,1197.5031812455654,1197.5031812455654,1197.5031812455654
1202.1322359321118,1202.1322359321118,1202.1322359321118,1202.1322359321118
1198.5234361839296,1198.5234361839296,1198.5234361839296,1198.5234361839296
1199.4265568292144,1199.4265568292144,1199.4265568292144,1199.4265568292144
1196.5031038234233,1196.5031038234233,1196.5031038234233,1196.5031038234233
1199.1864012207989,1199.1864012207989,1199.1864012207989,1199.1864012207989
1196.534375759125,1196.534375759125,1196.534375759125,1196.534375759125
1201.5932657275202,1201.5932657275202,1201.5932657275202,1201.5932657275202
1210.132919598103,1210.132919598103,1210.132919598103,1210.132919598103
1211.9088441016677,1211.9088441016677,1211.9088441016677,1211.9088441016677
1210.4737882893087,1210.4737882893087,1210.4737882893087,1210.4737882893087
1201.8303722074033,1201.8303722074033,1201.8303722074033,1201.8303722074033
1201.8950927157402,1201.8950927157402,1201.8950927157402,1201.8950927157402
1203.2685414371495,1203.2685414371495,1203.2685414371495,1203.2685414371495
1203.1493131642342,1203.1493131642342,1203.1493131642342,1203.1493131642342
1208.9857676448821,1208.9857676448821,1208.9857676448821,1208.9857676448821
1209.7712764227392,1209.7712764227392,1209.7712764227392,1209.7712764227392
1209.4882217800618,1209.4882217800618,1209.4882217800618,1209.4882217800618
1208.5164406380652,1208.5164406380652,1208.5164406380652,1208.5164406380652
1213.61883579278,1213.61883579278,1213.61883579278,1213.61883579278
1219.4787465212348,1219.4787465212348,1219.4787465212348,1219.4787465212348
1223.5224787390232,1223.5224787390232,1223.5224787390232,1223.5224787390232
1226.351491417408,1226.351491417408,1226.351491417408,1226.351491417408
1231.1665704967975,1231.1665704967975,1231.1665704967975,1231.1665704967975
1231.6927380352022,1231.6927380352022,1231.6927380352022,1231.6927380352022
1232.4234635248188,1232.4234635248188,1232.4234635248188,1232.4234635248188
1237.6516535997391,1237.6516535997391,1237.6516535997391,1237.6516535997391
1238.8807830266953,1238.8807830266953,1238.8807830266953,1238.8807830266953
1237.1916392927171,1237.1916392927171,1237.1916392927171,1237.1916392927171
1237.0009769182207,1237.0009769182207,1237.0009769182207,1237.0009769182207
1240.0928759071826,1240.0928759071826,1240.0928759071826,1240.0928759071826
1237.824094676018,1237.824094676018,1237.824094676018,1237.824094676018
1245.9298171463015,1245.9298171463015,1245.9298171463015,1245.9298171463015
1245.3711469998361,1245.3711469998361,1245.3711469998361,1245.3711469998361
1244.2030368800165,1244.2030368800165,1244.2030368800165,1244.2030368800165
1240.7424964146617,1240.7424964146617,1240.7424964146617,1240.7424964146617
1238.2721971766948,1238.2721971766948,1238.2721971766948,1238.2721971766948
1235.6204196863175,1235.6204196863175,1235.6204196863175,1235.6204196863175
1233.8277892646788,1233.8277892646788,1233.8277892646788,1233.8277892646788
1237.027519031048,1237.027519031048,1237.027519031048,1237.027519031048
1238.9119172005653,1238.9119172005653,1238.9119172005653,1238.9119172005653
1234.9048663663866,1234.9048663663866,1234.9048663663866,1234.9048663663866
1240.7350297234061,1240.7350297234061,1240.7350297234061,1240.7350297234061
1243.6130488772394,1243.6130488772394,1243.6130488772394,1243.6130488772394
1243.213658960104,1243.213658960104,1243.213658960104,1243.213658960104
1240.5166680366995,1240.5166680366995,1240.5166680366995,1240.5166680366995
1227.2329650869372,1227.2329650869372,1227.2329650869372,1227.2329650869372
1226.0821945896148,1226.0821945896148,1226.0821945896148,1226.0821945896148
1227.357024208069,1227.357024208069,1227.357024208069,1227.357024208069
1226.1136685760023,1226.1136685760023,1226.1136685760023,1226.1136685760023
1222.6860531883242,1222.6860531883242,1222.6860531883242,1222.6860531883242
1229.3500154371263,1229.3500154371263,1229.3500154371263,1229.3500154371263
1233.668931504965,1233.668931504965,1233.668931504965,1233.668931504965
1236.7348302443029,1236.7348302443029,1236.7348302443029,1236.7348302443029
1237.140566389799,1237.140566389799,1237.140566389799,1237.140566389799
1232.2360247771742,1232.2360247771742,1232.2360247771742,1232.2360247771742
1233.4044012365343,1233.4044012365343,1233.4044012365343,1233.4044012365343
1230.628821780443,1230.628821780443,1230.628821780443,1230.628821780443
1231.5103138182167,1231.5103138182167,1231.5103138182167,1231.5103138182167
1232.0744577014448,1232.0744577014448,1232.0744577014448,1232.0744577014448
1232.8599756634237,1232.8599756634237,1232.8599756634237,1232.8599756634237
1230.260455827713,1230.260455827713,1230.260455827713,1230.260455827713
1228.642663538218,1228.642663538218,1228.642663538218,1228.642663538218
1222.2041623024943,1222.2041623024943,1222.2041623024943,1222.2041623024943
1226.3978712339401,1226.3978712339401,1226.3978712339401,1226.3978712339401
1226.6667731444838,1226.6667731444838,1226.6667731444838,1226.6667731444838
1226.8013389012815,1226.8013389012815,1226.8013389012815,1226.8013389012815
1231.4702251253132,1231.4702251253132,1231.4702251253132,1231.4702251253132
1231.5870655264857,1231.5870655264857,1231.5870655264857,1231.5870655264857
1238.2957452657226,1238.2957452657226,1238.2957452657226,1238.2957452657226
1246.2511879463195,1246.2511879463195,1246.2511879463195,1246.2511879463195
1249.1742460348607,1249.1742460348607,1249.1742460348607,1249.1742460348607
1248.752446859837,1248.752446859837,1248.752446859837,1248.752446859837
1246.7249049634934,1246.7249049634934,1246.7249049634934,1246.7249049634934
1247.8136183478832,1247.8136183478832,1247.8136183478832,1247.8136183478832
1248.4429511296748,1248.4429511296748,1248.4429511296748,1248.4429511296748
1245.802488477707,1245.802488477707,1245.802488477707,1245.802488477707
1245.3614210145474,1245.3614210145474,1245.3614210145474,1245.3614210145474
1249.461598846674,1249.461598846674,1249.461598846674,1249.461598846674
1250.2553090455533,1250.2553090455533,1250.2553090455533,1250.2553090455533
1249.6156165740492,1249.6156165740492,1249.6156165740492,1249.6156165740492
1250.5414128167629,1250.5414128167629,1250.5414128167629,1250.5414128167629
1246.9338437409401,1246.9338437409401,1246.9338437409401,1246.9338437409401
1246.8408361365796,1246.8408361365796,1246.8408361365796,1246.8408361365796
1249.9642458484175,1249.9642458484175,1249.9642458484175,1249.9642458484175
1250.8777169992923,1250.8777169992923,1250.8777169992923,1250.8777169992923
1233.5610180704596,1233.5610180704596,1233.5610180704596,1233.5610180704596
1233.5090451235772,1233.5090451235772,1233.5090451235772,1233.5090451235772
1239.6142637529374,1239.6142637529374,1239.6142637529374,1239.6142637529374
1246.2315522933009,1246.2315522933009,1246.2315522933009,1246.2315522933009
1249.2584001455311,1249.2584001455311,1249.2584001455311,1249.2584001455311
1251.5335918939115,1251.5335918939115,1251.5335918939115,1251.5335918939115
1255.1472133061889,1255.1472133061889,1255.1472133061889,1255.1472133061889
1256.3406532347203,1256.3406532347203,1256.3406532347203,1256.3406532347203
1254.5669880251885,1254.5669880251885,1254.5669880251885,1254.5669880251885
1252.7005356302266,1252.7005356302266,1252.7005356302266,1252.7005356302266
1259.1069475433826,1259.1069475433826,1259.1069475433826,1259.1069475433826
1265.1566389706136,1265.1566389706136,1265.1566389706136,1265.1566389706136
1265.7142896795272,1265.7142896795272,1265.7142896795272,1265.7142896795272
1262.573953630686,1262.573953630686,1262.573953630686,1262.573953630686
1262.7407740242484,1262.7407740242484,1262.7407740242484,1262.7407740242484
1264.2760377926825,1264.2760377926825,1264.2760377926825,1264.2760377926825
1262.599604883671,1262.599604883671,1262.599604883671,1262.599604883671
1262.6169261379246,1262.6169261379246,1262.6169261379246,1262.6169261379246
1267.3876642758846,1267.3876642758846,1267.3876642758846,1267.3876642758846
1266.1778490576744,1266.1778490576744,1266.1778490576744,1266.1778490576744
1262.686854043484,1262.686854043484,1262.686854043484,1262.686854043484
1263.0531719369887,1263.0531719369887,1263.0531719369887,1263.0531719369887
1266.6955672037604,1266.6955672037604,1266.6955672037604,1266.6955672037604
1266.4000037868025,1266.4000037868025,1266.4000037868025,1266.4000037868025
1264.461648900032,1264.461648900032,1264.461648900032,1264.461648900032
1264.7155439550877,1264.7155439550877,1264.7155439550877,1264.7155439550877
1265.7743354697227,1265.7743354697227,1265.7743354697227,1265.7743354697227
1267.656667211771,1267.656667211771,1267.656667211771,1267.656667211771
1260.2973107910157,1260.2973107910157,1260.2973107910157,1260.2973107910157
1264.952531041384,1264.952531041384,1264.952531041384,1264.952531041384
1258.2771345605852,1258.2771345605852,1258.2771345605852,1258.2771345605852
1261.7586882972719,1261.7586882972719,1261.7586882972719,1261.7586882972719
1264.9872562069895,1264.9872562069895,1264.9872562069895,1264.9872562069895
1263.840205279112,1263.840205279112,1263.840205279112,1263.840205279112
1255.5582578742506,1255.5582578742506,1255.5582578742506,1255.5582578742506
1259.2895187063218,1259.2895187063218,1259.2895187063218,1259.2895187063218
1261.8452119114404,1261.8452119114404,1261.8452119114404,1261.8452119114404
1260.0179940860273,1260.0179940860273,1260.0179940860273,1260.0179940860273
1267.2664614167213,1267.2664614167213,1267.2664614167213,1267.2664614167213
1270.2416853187085,1270.2416853187085,1270.2416853187085,1270.2416853187085
1273.5535623998644,1273.5535623998644,1273.5535623998644,1273.5535623998644
1275.8309767057895,1275.8309767057895,1275.8309767057895,1275.8309767057895
1274.6289863595964,1274.6289863595964,1274.6289863595964,1274.6289863595964
1279.5852896842957,1279.5852896842957,1279.5852896842957,1279.5852896842957
1281.6318151609898,1281.6318151609898,1281.6318151609898,1281.6318151609898
1280.5847425861361,1280.5847425861361,1280.5847425861361,1280.5847425861361
1280.4667174332142,1280.4667174332142,1280.4667174332142,1280.4667174332142
1283.500159485102,1283.500159485102,1283.500159485102,1283.500159485102
1284.0645788919924,1284.0645788919924,1284.0645788919924,1284.0645788919924
1279.980381432295,1279.980381432295,1279.980381432295,1279.980381432295
1279.8977059652807,1279.8977059652807,1279.8977059652807,1279.8977059652807
1279.6484488918784,1279.6484488918784,1279.6484488918784,1279.6484488918784
1281.470615450144,1281.470615450144,1281.470615450144,1281.470615450144
1279.5670408337116,1279.5670408337116,1279.5670408337116,1279.5670408337116
1278.8017371244432,1278.8017371244432,1278.8017371244432,1278.8017371244432
1280.4390915939807,1280.4390915939807,1280.4390915939807,1280.4390915939807
1282.0380013284687,1282.0380013284687,1282.0380013284687,1282.0380013284687
1279.73318160224,1279.73318160224,1279.73318160224,1279.73318160224
1277.233337043524,1277.233337043524,1277.233337043524,1277.233337043524
1264.4721463515762,1264.4721463515762,1264.4721463515762,1264.4721463515762
1264.4917544522286,1264.4917544522286,1264.4917544522286,1264.4917544522286
1271.3381225497724,1271.3381225497724,1271.3381225497724,1271.3381225497724
1274.3652183732988,1274.3652183732988,1274.3652183732988,1274.3652183732988
1275.420786261082,1275.420786261082,1275.420786261082,1275.420786261082
1261.0087771766187,1261.0087771766187,1261.0087771766187,1261.0087771766187
1257.4555964717867,1257.4555964717867,1257.4555964717867,1257.4555964717867
1257.3508056387902,1257.3508056387902,1257.3508056387902,1257.3508056387902
1264.5455825917722,1264.5455825917722,1264.5455825917722,1264.5455825917722
1265.9183333199026,1265.9183333199026,1265.9183333199026,1265.9183333199026
1264.7033566250805,1264.7033566250805,1264.7033566250805,1264.7033566250805
1266.075951223135,1266.075951223135,1266.075951223135,1266.075951223135
1266.3963393220902,1266.3963393220902,1266.3963393220902,1266.3963393220902
1264.5220987915993,1264.5220987915993,1264.5220987915993,1264.5220987915993
1269.8516356537343,1269.8516356537343,1269.8516356537343,1269.8516356537343
1276.5470443365575,1276.5470443365575,1276.5470443365575,1276.5470443365575
1281.2396072273255,1281.2396072273255,1281.2396072273255,1281.2396072273255
1272.3715842556956,1272.3715842556956,1272.3715842556956,1272.3715842556956
1275.6354926671982,1275.6354926671982,1275.6354926671982,1275.6354926671982
1275.4265630738735,1275.4265630738735,1275.4265630738735,1275.4265630738735
1274.6012227585318,1274.6012227585318,1274.6012227585318,1274.6012227585318
1281.2188419272902,1281.2188419272902,1281.2188419272902,1281.2188419272902
1288.373135270119,1288.373135270119,1288.373135270119,1288.373135270119
1289.6885770764352,1289.6885770764352,1289.6885770764352,1289.6885770764352
1288.891882037878,1288.891882037878,1288.891882037878,1288.891882037878
1290.236134435177,1290.236134435177,1290.236134435177,1290.236134435177
1293.1185619676112,1293.1185619676112,1293.1185619676112,1293.1185619676112
1294.4170958051682,1294.4170958051682,1294.4170958051682,1294.4170958051682
1294.1176015839578,1294.1176015839578,1294.1176015839578,1294.1176015839578
1293.1554821383957,1293.1554821383957,1293.1554821383957,1293.1554821383957
1293.030954627037,1293.030954627037,1293.030954627037,1293.030954627037
1291.003623965502,1291.003623965502,1291.003623965502,1291.003623965502
1292.4619798955919,1292.4619798955919,1292.4619798955919,1292.4619798955919
1295.0974004645348,1295.0974004645348,1295.0974004645348,1295.0974004645348
1297.825700060129,1297.825700060129,1297.825700060129,1297.825700060129
1300.869272198677,1300.869272198677,1300.869272198677,1300.869272198677
1305.4400444464686,1305.4400444464686,1305.4400444464686,1305.4400444464686
1308.962017504454,1308.962017504454,1308.962017504454,1308.962017504454
1310.2455995912555,1310.2455995912555,1310.2455995912555,1310.2455995912555
1313.8022794466021,1313.8022794466021,1313.8022794466021,1313.8022794466021
1314.7669796304704,1314.7669796304704,1314.7669796304704,1314.7669796304704
1313.1521813647748,1313.1521813647748,1313.1521813647748,1313.1521813647748
1314.7140331666471,1314.7140331666471,1314.7140331666471,1314.7140331666471
1316.1491257154944,1316.1491257154944,1316.1491257154944,1316.1491257154944
1315.622847967625,1315.622847967625,1315.622847967625,1315.622847967625
1316.3471629400253,1316.3471629400253,1316.3471629400253,1316.3471629400253
1317.073939257145,1317.073939257145,1317.073939257145,1317.073939257145
1317.6188699569707,1317.6188699569707,1317.6188699569707,1317.6188699569707
1318.8624919285776,1318.8624919285776,1318.8624919285776,1318.8624919285776
1316.6492654519084,1316.6492654519084,1316.6492654519084,1316.6492654519084
1322.152850611687,1322.152850611687,1322.152850611687,1322.152850611687
1320.531696933508,1320.531696933508,1320.531696933508,1320.531696933508
1321.212901636839,1321.212901636839,1321.212901636839,1321.212901636839
1314.605614605427,1314.605614605427,1314.605614605427,1314.605614605427
1317.727444648266,1317.727444648266,1317.727444648266,1317.727444648266
1322.3731317799093,1322.3731317799093,1322.3731317799093,1322.3731317799093
1322.0675852222444,1322.0675852222444,1322.0675852222444,1322.0675852222444
1323.548433067322,1323.548433067322,1323.548433067322,1323.548433067322
1324.1593241319656,1324.1593241319656,1324.1593241319656,1324.1593241319656
1323.094351703167,1323.094351703167,1323.094351703167,1323.094351703167
1326.2587134153844,1326.2587134153844,1326.2587134153844,1326.2587134153844
1328.889909288168,1328.889909288168,1328.889909288168,1328.889909288168
1327.3930902547836,1327.3930902547836,1327.3930902547836,1327.3930902547836
1328.005184439421,1328.005184439421,1328.005184439421,1328.005184439421
1322.6690533776286,1322.6690533776286,1322.6690533776286,1322.6690533776286
1324.0658848738672,1324.0658848738672,1324.0658848738672,1324.0658848738672
1323.9030228369236,1323.9030228369236,1323.9030228369236,1323.9030228369236
1321.8195037164687,1321.8195037164687,1321.8195037164687,1321.8195037164687
1316.6910899438858,1316.6910899438858,1316.6910899438858,1316.6910899438858
1322.363782343626,1322.363782343626,1322.363782343626,1322.363782343626
1325.5192813780309,1325.5192813780309,1325.5192813780309,1325.5192813780309
1326.5697704463005,1326.5697704463005,1326.5697704463005,1326.5697704463005
1331.0464880998138,1331.0464880998138,1331.0464880998138,1331.0464880998138
1334.0810506145954,1334.0810506145954,1334.0810506145954,1334.0810506145954
1335.4753105566504,1335.4753105566504,1335.4753105566504,1335.4753105566504
1334.9911328244211,1334.9911328244211,1334.9911328244211,1334.9911328244211
1340.2553613944053,1340.2553613944053,1340.2553613944053,1340.2553613944053
1344.7003938267233,1344.7003938267233,1344.7003938267233,1344.7003938267233
1349.8304515571594,1349.8304515571594,1349.8304515571594,1349.8304515571594
1344.2413897731305,1344.2413897731305,1344.2413897731305,1344.2413897731305
1349.9639886922837,1349.9639886922837,1349.9639886922837,1349.9639886922837
1345.217386427164,1345.217386427164,1345.217386427164,1345.217386427164
1343.7290810749532,1343.7290810749532,1343.7290810749532,1343.7290810749532
1345.6775660483838,1345.6775660483838,1345.6775660483838,1345.6775660483838
1351.3373363883497,1351.3373363883497,1351.3373363883497,1351.3373363883497
1355.1408211565017,1355.1408211565017,1355.1408211565017,1355.1408211565017
1356.9560261502265,1356.9560261502265,1356.9560261502265,1356.9560261502265
1357.4305881066325,1357.4305881066325,1357.4305881066325,1357.4305881066325
1352.6343272933964,1352.6343272933964,1352.6343272933964,1352.6343272933964
1357.3434675245285,1357.3434675245285,1357.3434675245285,1357.3434675245285
1366.060953551054,1366.060953551054,1366.060953551054,1366.060953551054
1365.3021889367105,1365.3021889367105,1365.3021889367105,1365.3021889367105
1364.0408783459663,1364.0408783459663,1364.0408783459663,1364.0408783459663
1365.9367658522133,1365.9367658522133,1365.9367658522133,1365.9367658522133
